"","X1","X2","tildeT","delta"
"1",0,0.144095877185464,1.10852197241038,0
"2",0,0.696736463811249,1.63678659778088,0
"3",1,-0.0809983513318002,0.384145863192373,1
"4",0,0.916469213087112,0.262404505256563,0
"5",1,0.563676917459816,0.307317657620959,1
"6",1,-0.195678740274161,0.211809274168198,1
"7",0,-0.4618811304681,0.966706043388694,0
"8",1,0.395934053696692,0.435146984644234,0
"9",0,0.132580971810967,0.120329261012375,0
"10",0,-0.513420261908323,1.358007648955,1
"11",0,-0.662970864214003,1.1214363780804,0
"12",0,0.856859668623656,0.84292030306533,0
"13",0,-0.865136292297393,1.06989396743575,1
"14",1,0.49185692705214,1.36251546440736,1
"15",0,0.390769252087921,2.66485912688076,0
"16",0,0.582697039935738,1.69529500948265,0
"17",0,0.38075165450573,0.745507929722262,1
"18",0,-0.772827787324786,0.68507822009878,1
"19",1,0.337281513959169,0.659913095423793,1
"20",0,-0.0519646420143545,0.569938797400119,1
"21",1,0.620884188450873,0.0301996018849572,1
"22",0,-0.652573320548981,0.360622787148449,1
"23",0,0.845810459461063,0.00858233524486422,0
"24",1,-0.390203204005957,0.0649280065045301,1
"25",1,-0.574442981742322,0.0816391331216964,1
"26",1,0.141348226927221,0.211044734859462,1
"27",0,-0.997699762228876,0.00303785695207205,1
"28",1,-0.522431256249547,0.0861489990364182,1
"29",0,-0.61638233717531,0.264496210170378,1
"30",0,0.0425667078234255,0.550224768472694,1
"31",1,-0.21539451321587,2.05340178763541,1
"32",1,0.978344920556992,1.50413785933291,1
"33",0,0.766811656299978,1.13202358987182,0
"34",0,-0.890746094752103,0.240885312963824,1
"35",0,0.0519702965393662,0.613181165978312,0
"36",0,0.59012651629746,0.908391757588834,0
"37",1,0.389361855573952,1.30397192015763,1
"38",0,-0.123615823220462,2.08645859621465,0
"39",0,0.585536365862936,0.221644935018646,1
"40",0,0.693676558323205,2.1977627268061,0
"41",1,-0.432553581893444,0.329106563218005,1
"42",1,-0.17684818431735,0.0250500928536649,1
"43",1,0.175348344724625,0.102808923679097,1
"44",1,0.60224009025842,1.35701145976782,0
"45",0,0.594147339928895,1.96326220581114,1
"46",1,0.843117254320532,0.0226076464855968,1
"47",0,0.937876911833882,0.853162026125938,0
"48",1,-0.386964413803071,0.0787655228850361,1
"49",1,-0.673087109345943,0.116743436470326,1
"50",1,0.806138811632991,0.224669270496815,0
"51",1,0.760357039049268,0.346129603870213,0
"52",0,-0.693854906596243,0.0846245912835002,0
"53",1,-0.40655212989077,0.37179124844298,1
"54",1,0.17850346583873,0.354781967830688,1
"55",1,-0.973329471889883,0.200558134611229,1
"56",1,0.807513143401593,0.288183152861893,0
"57",0,-0.29112898465246,0.608518738849471,1
"58",1,0.293232065159827,0.261144502017939,1
"59",0,0.605318567715585,0.176796703599393,0
"60",1,0.788044989109039,0.158532126713544,0
"61",1,-0.601404802408069,0.277920231203168,1
"62",1,-0.37788472790271,0.246795951311532,1
"63",0,-0.0998252290301025,2.4533902357851,1
"64",0,-0.852018161676824,0.383925684371189,1
"65",1,-0.1790591920726,0.433402368177984,1
"66",1,-0.613473962526768,0.0151712546214492,1
"67",1,-0.306216736324131,1.10589227042065,1
"68",1,-0.542017449624836,0.293380925834391,1
"69",0,0.449249981436878,0.100876374635845,0
"70",0,0.260341725312173,0.887733748829677,1
"71",0,-0.311340225860476,1.98939293901393,1
"72",1,-0.503339761868119,0.621691261865311,1
"73",0,0.325615151319653,0.253917988110334,0
"74",0,0.316027666442096,1.18890432723434,1
"75",0,-0.112224779091775,0.640564591229943,1
"76",0,0.396802397910506,0.779867489356548,0
"77",1,-0.841256240848452,0.0585773547656508,1
"78",0,0.296656145248562,0.212679290760336,1
"79",1,0.0454386882483959,0.0437423984128938,1
"80",0,0.108613467309624,2.17117044646293,0
"81",1,-0.0696819019503891,0.554414929920264,1
"82",0,0.419113005977124,1.81067599849775,0
"83",0,0.0460966262035072,0.415776078896771,1
"84",1,-0.661338864360005,0.0714391643943236,1
"85",1,0.592088785488158,0.306359793176666,1
"86",1,-0.314162839204073,0.0855605963023375,1
"87",1,-0.245673327241093,0.250170321829573,1
"88",1,-0.523559773806483,0.998127238417539,1
"89",1,-0.995420303661376,0.159722838644832,1
"90",0,0.956683077383786,0.986394373424396,1
"91",0,-0.110955027397722,0.0732235120240049,1
"92",0,0.737717821262777,0.711448891460896,0
"93",1,0.658647425472736,1.04374494105806,1
"94",1,-0.860650222748518,0.80179418443124,1
"95",1,0.832856259774417,0.919538561837225,1
"96",1,0.0574431936256588,0.475750501635301,1
"97",1,-0.790307883173227,0.00848420447485891,1
"98",1,0.0983795076608658,0.297230841219425,0
"99",0,-0.626957514323294,0.260025094076991,0
"100",1,-0.208453195635229,0.898385441403867,1
"101",1,-0.770508133806288,0.302351148890844,1
"102",0,-0.0496426997706294,0.201727109133519,1
"103",1,-0.949179270304739,0.163750496647568,1
"104",0,0.612009659875184,0.364311438985169,0
"105",1,-0.243510752450675,0.331855005865533,1
"106",1,-0.45619426574558,0.28102498520395,1
"107",0,0.424346071667969,0.508334812242538,0
"108",0,-0.925428617745638,0.980931159574538,0
"109",0,-0.74708863440901,0.125150215534008,1
"110",1,-0.704616053495556,0.15505732138256,1
"111",1,0.325141416862607,0.564724064478541,1
"112",0,0.437012654263526,1.97880546133965,0
"113",1,-0.702934966888279,0.369453498604192,1
"114",0,-0.101466774009168,0.0855705073429294,1
"115",0,0.521074475254864,0.900491296313703,0
"116",0,0.482136477716267,0.59003150369972,0
"117",0,-0.844504223205149,0.98410004783723,1
"118",0,0.0709572029300034,1.01280611462772,1
"119",1,0.178087201435119,0.802847287803888,0
"120",0,-0.739533234853297,0.315912249032408,0
"121",1,0.519168941304088,0.275260914585286,1
"122",1,0.184701642487198,0.669053353830022,1
"123",1,-0.0827295053750277,1.13197239295949,1
"124",0,-0.40415883762762,1.16632120378149,1
"125",1,0.105039765127003,0.00392558593060632,1
"126",0,-0.219730647746474,0.615446900203824,0
"127",1,-0.413840165361762,0.39092564352807,1
"128",1,0.808892166242003,0.657746276200835,1
"129",0,0.959750114008784,2.23094322131947,0
"130",0,0.582469691522419,0.0939280190505087,0
"131",0,0.0665247258730233,1.19288236619905,0
"132",0,0.394448265898973,0.820200969854208,1
"133",0,-0.501052722334862,0.0120583474009629,1
"134",1,0.0671823644079268,0.0389503906604976,1
"135",1,-0.0422338619828224,0.573283448349684,0
"136",0,0.963814666029066,0.836224783863872,0
"137",1,-0.902160580735654,0.0873811350204051,0
"138",0,0.406372176017612,0.940833449023397,1
"139",0,-0.211890744045377,0.167861811319233,1
"140",1,-0.475954566616565,0.265497627267243,1
"141",0,0.359383640810847,1.53056782353669,0
"142",1,0.160687576979399,0.158116427487231,1
"143",1,-0.427759583573788,0.381415736524002,1
"144",1,-0.143388732336462,0.152494498435408,0
"145",0,0.0401474889367819,2.55962511459365,0
"146",0,0.559691799804568,2.39766989825293,0
"147",1,-0.481720760464668,0.521438503917307,0
"148",1,-0.236617235001177,0.0301854939199984,0
"149",1,0.0736296609975398,0.0473942261461363,1
"150",1,0.931433359161019,1.32145574791357,0
"151",0,0.66474630497396,0.00161650285972511,1
"152",1,-0.217136950232089,0.260622019097751,1
"153",0,-0.768579457886517,0.122448386990452,1
"154",1,-0.437187472824007,0.186490519558719,1
"155",0,0.0609621121548116,1.77700832693267,1
"156",1,0.990355060435832,0.456489207409322,0
"157",1,0.0691028726287186,0.542587697020256,1
"158",0,0.32652562437579,0.432859250538315,1
"159",0,-0.0124535299837589,0.744150712626411,1
"160",0,0.0307358242571354,1.38467631647363,0
"161",0,0.623505289200693,0.0719463970543926,1
"162",1,-0.623759098351002,0.220682428217193,1
"163",1,0.909403888508677,2.07088278494775,0
"164",0,0.721031057182699,1.50623730393127,0
"165",1,0.134793235454708,1.19948713630941,1
"166",1,-0.327099978458136,0.41144333124437,1
"167",1,-0.462534501682967,0.0352769193225129,1
"168",1,0.625224887393415,1.63234868403735,1
"169",0,0.0975920632481575,0.0145129449208711,1
"170",0,-0.263035201001912,0.572790940890292,1
"171",1,0.129829740617424,0.524944817527418,1
"172",1,-0.285597988404334,0.549706746523488,1
"173",1,0.528065618127584,0.775196993164718,0
"174",1,-0.192876079585403,0.21651352655696,1
"175",1,-0.741888868622482,0.223854869472252,1
"176",0,0.941723698284477,1.76460463218391,0
"177",1,0.453448244836181,1.23470368217677,0
"178",0,-0.166721012443304,0.0867024903882817,1
"179",1,-0.235363482497633,0.539205373882032,1
"180",0,0.349356271326542,0.576478097047063,1
"181",1,-0.0659573199227452,0.0523754721792756,1
"182",1,-0.658397669438273,0.00516376380420636,1
"183",0,-0.516911284998059,0.388026295378696,1
"184",0,0.121477486100048,2.12295438051224,0
"185",1,0.105561849661171,1.60327650066465,0
"186",1,-0.00822604633867741,0.516046869595505,1
"187",0,0.425449154339731,1.78242800002918,0
"188",0,0.898077889811248,0.281299770157784,0
"189",1,0.319556003436446,0.0777253468764027,1
"190",0,-0.236384301446378,0.806511554859452,1
"191",1,0.390753139741719,1.04944613033126,1
"192",0,0.293817038182169,1.10581900002435,0
"193",0,0.732517914380878,0.895869396212855,1
"194",1,0.282618511002511,0.193781586981608,1
"195",1,0.408804689534009,0.159951422737788,1
"196",1,-0.0962249976582825,0.104783541151923,1
"197",0,-0.127060547936708,0.739065887515008,1
"198",0,0.115104984026402,0.541251429935801,1
"199",1,-0.581474406179041,0.364368233457208,0
"200",0,-0.261628121137619,0.93437541633553,1
"201",1,0.737196763046086,0.32665850701343,1
"202",0,0.846189980395138,0.356682178843766,0
"203",0,-0.952175886835903,0.365527432572252,1
"204",1,-0.392323130741715,0.254372926477267,1
"205",0,0.818337593227625,2.60113122118637,0
"206",0,0.283465720713139,0.541190663729364,1
"207",1,0.216635275632143,0.56880803805209,1
"208",0,0.620047195348889,0.185119372233748,0
"209",0,0.0227719605900347,0.174655008036643,0
"210",1,0.437854770105332,1.05659547986059,1
"211",1,0.924853950273246,0.0730350187519083,1
"212",0,0.723571525420994,0.773832425102591,0
"213",0,-0.685972442850471,0.0491958097766836,1
"214",1,0.00140637205913663,0.443876970204855,1
"215",1,0.150342782959342,0.134577846993813,1
"216",0,0.991580594331026,0.906259707268327,0
"217",0,-0.926076009403914,0.0803709794767201,0
"218",0,0.306334153749049,0.411635305748086,1
"219",1,0.219065297860652,1.11957380432163,1
"220",1,-0.614142965525389,0.170777569719844,1
"221",0,0.0656435857526958,0.777562249901391,1
"222",1,-0.574359533376992,0.208551960475334,1
"223",1,-0.145681367721409,0.357474221102893,0
"224",1,-0.428650449030101,0.229547337672939,1
"225",0,-0.244067332241684,0.613652161508799,0
"226",0,-0.107235535047948,0.270222414786237,1
"227",0,0.077448180411011,0.0233163570967714,1
"228",1,0.725957095157355,0.929411495476961,0
"229",0,0.98784480849281,2.59430198352784,0
"230",1,-0.0404881774447858,0.0568938903234791,1
"231",0,-0.126888691913337,0.852778998203576,0
"232",1,-0.0349413217045367,0.116424498555962,1
"233",0,-0.737831917125732,0.223561718057563,1
"234",1,0.280977706424892,0.729127776902169,0
"235",0,-0.342141204979271,0.443438465767382,1
"236",1,0.999094328843057,0.801239613350481,0
"237",0,0.621029569767416,0.625340397845982,1
"238",1,0.770035553257912,2.40528836902231,0
"239",0,0.41523424629122,2.70942538557574,0
"240",0,0.761553992517292,0.305633152472352,1
"241",0,0.164346050936729,0.528576048370451,0
"242",1,0.62110690632835,1.42743474710733,0
"243",1,0.845315628219396,0.192698370199651,0
"244",0,0.813928767573088,0.732789992261678,0
"245",1,-0.316479746252298,0.615008728485554,0
"246",1,0.989359312225133,0.286650333181024,0
"247",0,0.145161228254437,0.701527793332934,0
"248",0,-0.421997185330838,1.28026113347139,1
"249",1,0.744219351094216,0.676213799758739,1
"250",0,0.405463910661638,0.0995138054840804,1
"251",1,-0.548339222092181,0.246454779862045,1
"252",0,-0.36795905418694,0.888210368901491,0
"253",0,-0.755975457374007,0.219842825996814,1
"254",0,-0.781383961439133,0.455279256951337,1
"255",0,0.325987387914211,0.847616226971149,0
"256",0,-0.345482523553073,0.32301699850996,1
"257",1,0.0884801587089896,0.69933156449632,1
"258",1,-0.107892236672342,0.015006222498572,1
"259",0,0.406442849896848,0.145617369003594,0
"260",1,0.742843426764011,0.0496260406449437,0
"261",0,-0.726072655059397,1.05863092649274,1
"262",1,0.299272262491286,0.993611118527192,1
"263",1,-0.812324003782123,0.117942563910037,0
"264",0,-0.272430659271777,0.200556921719954,1
"265",1,-0.99085001135245,0.0354228044670919,1
"266",0,-0.61973345791921,2.28448471719962,1
"267",0,0.990993073675781,0.0384556916542351,0
"268",1,-0.332697155885398,0.306211745799784,1
"269",0,0.457505624275655,0.347976265195757,0
"270",1,-0.138812463730574,0.0930749304592609,0
"271",0,-0.866928067058325,0.286072667909473,1
"272",0,-0.965898540336639,0.85502473579665,1
"273",1,0.905028409790248,1.24484745534137,0
"274",0,-0.212352604139596,1.16686055092141,0
"275",0,0.181962485890836,2.69983971370384,0
"276",0,0.373874719254673,0.027206277660852,1
"277",0,-0.931267437990755,0.0864491936201586,1
"278",0,0.094912953209132,1.3543146514201,1
"279",0,-0.149310326203704,0.623491773971167,1
"280",0,-0.363328311126679,0.294739265484408,1
"281",0,0.877027595415711,0.508547398042009,1
"282",1,-0.986364431679249,0.0244509908070459,1
"283",1,-0.257543794345111,0.174506883626987,1
"284",0,0.89368537440896,1.15505059687421,0
"285",0,-0.580793757922947,0.80979018706799,1
"286",0,0.609030043706298,1.31224658796564,0
"287",0,-0.470997505355626,0.521510727373147,1
"288",1,-0.738964970223606,0.0754985648497488,1
"289",0,-0.887223867699504,1.09984574413217,1
"290",0,0.671230870299041,1.41400170903653,0
"291",1,0.979404781479388,1.39233834706464,1
"292",0,-0.958715203218162,0.99443548573181,0
"293",0,-0.635737498756498,0.346203730932899,1
"294",0,0.742395509034395,0.289359987154603,0
"295",0,0.323977725114673,1.41836742796004,0
"296",1,0.944558772258461,0.55861413293527,1
"297",1,0.326573996804655,0.843739519124208,1
"298",1,-0.124069744255394,0.206578314419437,1
"299",1,-0.760357256047428,0.730702707035217,1
"300",0,0.735615745186806,1.00941198421642,0
"301",0,-0.781880025751889,0.367927688962842,1
"302",1,-0.0603344556875527,0.441527228286347,1
"303",1,0.714715440291911,0.0361744448573402,1
"304",0,-0.728163023479283,0.0115748909331969,1
"305",0,-0.861688002478331,0.832214186924105,1
"306",0,0.254538598004729,1.94369177278131,0
"307",0,-0.659273481462151,0.352164471894503,0
"308",0,0.549072092399001,0.12257450260222,0
"309",0,0.388236095197499,1.09955424131769,1
"310",1,-0.55830526445061,0.254089333248972,1
"311",0,-0.957063329406083,0.268528478212476,1
"312",1,0.643251207657158,0.0427021359920157,1
"313",1,-0.633411102928221,0.0798880355979767,1
"314",1,0.227587371598929,0.663857649728165,1
"315",1,0.0674636177718639,0.31619569929305,1
"316",0,-0.971744536422193,0.0253295176024346,1
"317",0,-0.782095695845783,0.141787155538292,1
"318",1,-0.494675864465535,0.414288109130254,1
"319",1,0.0535687399096787,0.438874395094662,1
"320",1,0.0671261642128229,0.975694712738272,1
"321",0,0.381036324426532,0.284941375384292,1
"322",1,-0.621816001832485,0.0619624019073165,1
"323",0,-0.269326919224113,1.11066457973747,1
"324",0,0.385201083961874,0.00605609628886982,1
"325",1,-0.416820420417935,0.0405944096748477,1
"326",1,0.44287305790931,0.771503290075441,1
"327",1,0.842105519026518,0.864606188570682,1
"328",1,-0.436674414668232,0.461882141046226,0
"329",1,0.653383918106556,0.133069422404078,1
"330",0,0.0453912946395576,0.86759247616839,1
"331",0,-0.377167655620724,0.0474269798249413,1
"332",1,0.949188810773194,0.951797154725938,1
"333",1,0.0411295676603913,0.746438844685789,1
"334",0,0.174658189062029,0.496437683103856,1
"335",1,-0.832595067098737,0.412744866316321,1
"336",0,0.980112871620804,0.647500941250473,0
"337",1,-0.518047785852104,0.17645726073453,1
"338",1,0.850102718919516,0.343510072710647,1
"339",0,-0.735235451720655,0.0733026276320823,1
"340",1,-0.229540433268994,0.0971805720793871,1
"341",0,-0.422903372440487,0.570677334682664,1
"342",0,-0.789477663580328,0.786359114199877,0
"343",1,0.446545007638633,0.764978269394487,0
"344",1,0.618452056311071,0.0471841404124508,1
"345",1,-0.292209815233946,0.0300747642631942,1
"346",1,0.247886495199054,1.37898628151734,1
"347",1,0.628717137034982,1.38566788464899,1
"348",0,-0.571629538666457,0.170807445781029,1
"349",1,0.0598185621201992,1.17481081411242,0
"350",0,0.236581121571362,0.498279108225167,1
"351",1,0.588253619614989,0.251943893523114,1
"352",0,0.281447992194444,0.861529689349188,1
"353",1,-0.235952735878527,0.023394951904167,1
"354",0,0.507796819787472,2.64745506206527,0
"355",1,-0.160196620505303,0.274477561695508,1
"356",1,0.997187412343919,1.89466524636373,0
"357",1,-0.705972320400178,0.0661679065740806,1
"358",0,0.916585083119571,0.0473974556362968,1
"359",1,-0.905626122839749,0.00233247262795688,1
"360",1,0.21293409075588,0.449452017154545,0
"361",0,0.0653547700494528,0.982994658400099,1
"362",1,0.160708301700652,0.249825457563657,1
"363",1,0.227018678560853,0.647435303780393,1
"364",0,0.687152424361557,0.87717634215951,0
"365",0,0.921026144642383,2.03037008875981,0
"366",1,-0.38908283226192,0.470001640265798,1
"367",0,-0.738483981229365,0.24336805596087,1
"368",1,0.856646485161036,0.138920756522566,0
"369",0,0.336206017527729,1.01818019958199,1
"370",0,-0.531902544666082,0.761174249107159,1
"371",1,-0.787133446894586,0.239486748859808,1
"372",0,0.931764487642795,0.469434008064165,1
"373",1,0.149496323429048,0.113968265801668,0
"374",1,0.726774509530514,0.178479218834771,1
"375",0,0.0733673581853509,1.37430271550118,1
"376",0,-0.968929313588887,2.02936861495647,1
"377",1,-0.177189890295267,0.268491074845994,1
"378",0,-0.564135621767491,0.249372509450319,1
"379",1,-0.234687252901495,0.025959961196155,1
"380",1,0.12784932134673,0.491477586852301,1
"381",0,-0.685157526750118,0.385568632371724,0
"382",1,0.502497696783394,0.127215174811808,1
"383",0,0.932612059172243,2.37173925610259,0
"384",1,0.636840617284179,1.16823447395496,1
"385",0,0.168709962163121,2.72256540386006,0
"386",0,0.146806370466948,0.995630328170955,0
"387",0,-0.970364540349692,0.279920619619351,1
"388",1,0.127906964160502,0.312037204671651,0
"389",1,0.137456651777029,0.0255806242216528,1
"390",1,-0.375333976466209,0.829289970343374,1
"391",0,0.637310314923525,0.208297952192664,1
"392",0,-0.865539526566863,0.404991108466428,1
"393",0,0.635690263006836,1.23650329792872,0
"394",1,-0.00753236981108785,0.168767208237466,1
"395",0,0.549642912577838,0.910013444535434,0
"396",0,0.463572995737195,0.672943097352982,0
"397",0,-0.276089953258634,0.66989916813614,1
"398",0,-0.941910101566464,0.00247192727485242,1
"399",0,0.587192134931684,0.0973641354590654,0
"400",1,-0.868864341638982,0.0199199877241058,1
"401",0,-0.296477930154651,0.555413325037807,0
"402",1,-0.057870022021234,0.0306264621388449,1
"403",0,0.455185781698674,0.414095327164978,0
"404",1,-0.765780643559992,0.0848939259056189,1
"405",1,-0.742875159252435,0.0695888300221754,1
"406",0,-0.0948062660172582,2.77468381291255,0
"407",1,0.637401972897351,0.395260392781347,0
"408",1,0.384371538646519,0.773874342286572,1
"409",0,-0.86316028656438,0.337336325280155,1
"410",0,-0.224772094748914,0.894220419970205,1
"411",1,0.599089506082237,0.508178711216897,0
"412",1,-0.0862599737010896,0.755879457287575,1
"413",0,0.160130920819938,0.811316012940509,1
"414",0,0.756547683384269,0.998697920282469,1
"415",1,-0.747087084222585,0.184311240610149,1
"416",0,-0.841202012263238,1.91664820006117,0
"417",1,-0.581600515637547,0.00337525388192483,1
"418",1,-0.734629915561527,0.0874862899683783,1
"419",0,-0.621110909618437,0.513280595343796,1
"420",0,-0.57421148288995,0.3036670810543,0
"421",0,-0.216716432478279,0.434006635426691,1
"422",1,-0.823837818112224,0.0319439431873819,1
"423",0,-0.8590341610834,0.165264323125252,1
"424",1,0.831924667116255,0.45886181518191,1
"425",0,0.736492676660419,0.279194195847958,0
"426",1,-0.698696347419173,0.0424209931573446,1
"427",0,0.350103323347867,0.0458651316857657,1
"428",1,0.81354757072404,0.0394340498352194,1
"429",1,-0.787450202275068,0.54598986374711,1
"430",0,0.554661141708493,2.29104545600712,0
"431",0,-0.251783433370292,0.752610898657449,1
"432",1,-0.0525901946239173,0.515185774168465,1
"433",1,0.579522527288646,0.345311345037939,1
"434",0,-0.103468264453113,1.03181725610048,0
"435",0,0.949406139552593,1.67063391525298,0
"436",1,-0.554163984954357,0.0292466074720739,1
"437",0,0.450958588160574,0.576493299543674,1
"438",0,0.68614098476246,1.12305309800431,0
"439",1,-0.176860314793885,0.961002782975299,1
"440",1,0.15564984921366,0.138288194299449,1
"441",0,-0.809752833563834,0.00977392505206283,1
"442",0,-0.619517093989998,0.722307187413776,1
"443",0,-0.034558474086225,0.0101857669651508,0
"444",1,-0.79018391482532,0.051629955059941,1
"445",1,0.457501845899969,0.288633828350676,1
"446",0,-0.836417458485812,0.219350883364697,1
"447",1,0.377869504969567,1.61689616331116,1
"448",0,-0.617264906875789,0.0642991934902966,0
"449",1,0.273614988662302,0.110014572176243,1
"450",1,-0.999737418722361,0.0072483396627492,1
"451",1,0.31798224337399,0.0274650932663657,1
"452",0,-0.0273439269512892,2.50086447685254,1
"453",0,0.488719881046563,1.65164923937991,0
"454",1,0.70045462436974,2.5859822335653,0
"455",1,0.258448417764157,0.0162191499663558,1
"456",1,-0.0360218305140734,1.24666663586611,1
"457",0,0.199934446718544,0.333378104679286,0
"458",0,-0.0863747727125883,2.61981368772686,0
"459",1,0.868721590843052,0.861020194366574,0
"460",1,0.652270562015474,0.312665059854286,1
"461",1,-0.519636342767626,0.205419232240453,1
"462",1,0.771333071403205,0.917951202301136,1
"463",0,0.287409758195281,1.46926306438672,1
"464",0,0.409015534911305,2.00806768685579,0
"465",0,-0.186689896974713,1.78572069711178,1
"466",0,-0.636086767539382,0.649143504226075,1
"467",1,-0.80458740144968,0.263989103006815,1
"468",0,0.373672923073173,1.51356639130985,1
"469",1,0.107926309108734,0.0466834818263204,1
"470",0,-0.145412066951394,0.671766359753284,1
"471",1,-0.242933370172977,0.0682589479269209,1
"472",1,-0.569068153388798,0.129313350946224,1
"473",0,-0.762769601773471,0.53619844764471,0
"474",0,-0.671120762359351,0.799747346714139,0
"475",1,0.463916453532875,1.43526560483102,1
"476",0,0.599297053180635,2.44465571828187,0
"477",0,0.588208455592394,2.45367368012667,0
"478",0,-0.145389721728861,0.771662495501198,1
"479",1,0.324523614253849,0.147563589316779,1
"480",1,-0.73281369311735,0.0810415933839977,0
"481",1,-0.468833175022155,0.0273622584253331,1
"482",1,0.816078633535653,1.87967549683526,0
"483",1,-0.745072795078158,0.284612069220642,1
"484",1,0.190661050379276,0.873131814417448,1
"485",0,0.233986206352711,1.87773366412148,0
"486",1,0.869074017740786,0.451794651243836,0
"487",0,-0.896944965235889,0.369234499191219,1
"488",0,-0.757331870961934,0.707600534250863,1
"489",1,-0.716587196104228,0.0645022457102891,1
"490",1,0.35569923510775,1.04635193990543,0
"491",1,-0.195511834695935,1.35766716069689,1
"492",0,-0.835806897841394,0.0837003191310118,1
"493",0,-0.404940711800009,1.11903906553038,1
"494",0,0.0242565823718905,2.24402150809765,0
"495",0,-0.991076762787998,0.0248559587020591,1
"496",1,-0.368608445394784,0.052542244753275,1
"497",1,0.787948839366436,0.39276593610053,1
"498",0,-0.224220100324601,0.384910787083209,0
"499",1,-0.726838099304587,0.136195349041352,1
"500",0,0.539449313655496,1.16286116801202,0
"501",0,0.0423798356205225,0.243895462714136,0
"502",0,0.411798714194447,2.05723006613553,0
"503",1,0.986801689025015,0.643587349681888,1
"504",1,0.898324676323682,0.452225597627205,1
"505",1,-0.899008901789784,0.00384233473722449,1
"506",0,0.165160470642149,0.2315204795368,1
"507",1,0.458185015246272,0.983769221533696,1
"508",0,0.625121388584375,1.47091572252957,1
"509",1,0.449185906443745,0.94106116971254,1
"510",0,0.778665118850768,0.873692656029016,0
"511",0,-0.125203954521567,0.319796389713883,0
"512",1,-0.463697645347565,0.0899759692461017,1
"513",1,0.843961026519537,1.25778969737158,1
"514",0,-0.767898296006024,0.0829838606562898,1
"515",1,0.820951060391963,0.266878701739421,1
"516",1,0.971468702889979,0.48306914399789,1
"517",0,0.337544611189514,1.01862285807729,0
"518",1,-0.252691315021366,0.820333571096103,1
"519",0,0.109359808266163,0.481223371686402,1
"520",1,0.210946930572391,0.0183726616186117,1
"521",0,0.645108791533858,0.14576216152957,1
"522",1,0.252230315469205,0.832476243250032,1
"523",0,0.82750896923244,0.702457705512643,0
"524",1,0.342865097802132,0.135046213158039,1
"525",1,0.976505794562399,1.15029915678269,1
"526",1,0.794884217903018,1.72157795168459,0
"527",0,0.701628177892417,0.473799578752369,0
"528",1,0.231135831214488,0.56576625816524,0
"529",0,0.659727632533759,1.17508286594325,1
"530",0,0.45927510317415,2.45559195615351,0
"531",1,-0.383451000321656,0.0561233406724557,1
"532",1,-0.156717730220407,0.393234464349441,1
"533",1,0.457560100592673,0.125480205658823,0
"534",0,0.807369988877326,1.77682857039764,1
"535",1,0.301644126884639,1.26411413975795,1
"536",0,-0.553059787955135,0.404085744516767,1
"537",1,0.911557974293828,1.32963913245302,1
"538",0,0.146719040814787,0.448213804555812,1
"539",1,0.658924851566553,0.822990276105702,0
"540",0,0.148715365678072,2.00971991152801,1
"541",0,0.800913017243147,0.742380562052131,0
"542",1,-0.89003874361515,0.0463584028685754,1
"543",0,-0.90045457566157,0.235268697256875,1
"544",0,0.340612365864217,2.07803172245622,0
"545",1,0.945193280931562,0.23657321985811,0
"546",0,0.682725524064153,1.60035465592518,0
"547",1,0.269851657096297,0.164814027726473,1
"548",0,0.160732337273657,1.26365686487406,0
"549",0,-0.384875489398837,0.0647135581523834,1
"550",0,0.21219982765615,0.936383501626551,0
"551",0,0.805824117735028,0.869183166734062,1
"552",1,-0.13135896390304,0.959549711847834,1
"553",0,-0.255933053325862,1.37984739188105,0
"554",1,0.126323615666479,0.447869657469718,1
"555",1,0.495235525537282,0.201879611176145,1
"556",0,-0.082458816934377,0.0259239305359351,1
"557",1,0.952686134725809,0.596852851752192,0
"558",0,-0.387966984417289,0.918489555642009,0
"559",0,0.423985409084707,2.28740073342591,1
"560",1,-0.232365830801427,0.105644135190459,1
"561",0,-0.820520743727684,0.474701531148673,1
"562",0,-0.51122628338635,0.139252414696936,1
"563",0,0.120644724927843,0.0675840356691078,1
"564",1,-0.418669743463397,0.776528551506048,1
"565",0,0.0787258977070451,0.104177219700068,0
"566",1,0.33896928653121,0.688156184117694,1
"567",0,-0.0239589614793658,0.0278692189402348,1
"568",1,0.853170969989151,1.62630769563839,0
"569",0,0.398493032436818,0.101654581163953,1
"570",0,0.239031798671931,1.79764334391803,0
"571",0,-0.932708765380085,0.11955852606862,1
"572",1,0.335875731427222,0.209601585315084,1
"573",1,0.816882169339806,0.140844775363803,0
"574",0,-0.0540582407265902,0.874648002441972,0
"575",1,0.365935765206814,0.268758188547853,1
"576",1,-0.177773717325181,0.0293562949765787,1
"577",1,-0.667127938941121,0.0335097480176962,1
"578",0,-0.219793255906552,0.657460184209049,0
"579",0,-0.796535551548004,0.0411044771308541,1
"580",0,0.963005338795483,1.04286806395146,1
"581",0,0.150435689371079,0.769774758070707,0
"582",1,0.522550233639777,0.625291222253209,1
"583",1,-0.368016542401165,0.87374802180537,1
"584",1,-0.596813689451665,0.0538878740182937,1
"585",0,-0.967984926421195,0.415625687584269,1
"586",0,-0.129310428164899,0.521945805576677,1
"587",1,0.882505033630878,0.371343572154814,1
"588",0,0.656673831865191,0.713050213583957,1
"589",1,-0.226168813183904,0.663439748063683,0
"590",1,-0.807646716013551,0.0330883133643826,1
"591",1,0.217300082091242,0.0131096696527314,1
"592",1,0.866302610374987,0.272542925841821,1
"593",0,-0.202138561755419,1.36079231834572,1
"594",0,0.0773707451298833,0.656195173691958,0
"595",1,-0.143849191255867,0.795810054001196,1
"596",0,-0.332508881110698,0.76763085834682,0
"597",1,0.454392133746296,0.103802138059037,1
"598",0,-0.19998582964763,0.496002171802972,1
"599",1,0.704549754038453,0.188215414859554,1
"600",0,0.0576583575457335,1.28593017699258,1
"601",1,0.0982100828550756,0.770420320169787,1
"602",0,0.657171484082937,0.938859065342694,0
"603",1,-0.272218730300665,0.0666634244393924,1
"604",0,-0.0199528466910124,0.166111508011818,0
"605",0,0.861624887213111,0.419737445749342,0
"606",0,-0.331120396032929,1.17156542446464,0
"607",0,0.304975617211312,1.39753674920648,0
"608",0,0.35709892725572,0.235485364962369,0
"609",0,-0.679994875565171,0.296608009882966,1
"610",1,-0.507625790312886,0.0152294606941961,1
"611",1,-0.320372217334807,0.162129144782047,1
"612",1,0.717161239124835,0.562292947433889,0
"613",1,-0.158493236638606,0.00868145763695816,1
"614",0,0.897608568891883,2.57956112232059,0
"615",0,0.683493964839727,0.429603971168399,0
"616",0,0.607067739125341,2.43872879678383,0
"617",1,-0.73113676533103,0.0117784864244795,1
"618",0,-0.540481689851731,0.273857900323379,1
"619",1,-0.156189705245197,0.0487145702444816,1
"620",0,0.0296188667416573,0.0420635040267414,1
"621",0,0.412893770262599,0.322905007284135,0
"622",1,-0.776652041357011,0.0098183870442915,1
"623",1,-0.20764316432178,0.313720450090763,1
"624",1,-0.658337594941258,0.0451709290022516,1
"625",1,0.45903359958902,0.0125218325260186,1
"626",1,0.194479931611568,0.921314953185026,1
"627",0,0.676945259794593,0.237058100159278,1
"628",0,-0.278635517228395,0.706040011094264,1
"629",0,-0.419572132173926,0.784287057181708,1
"630",1,-0.240743733942509,0.0585773078514074,1
"631",1,0.387033059261739,0.938688603207415,1
"632",1,0.686620773747563,0.15835372461006,0
"633",0,-0.860227798111737,0.00865163626149297,0
"634",1,0.795071615371853,0.195979015532902,1
"635",1,-0.766028851270676,0.00975486682727933,0
"636",0,0.338396281469613,0.0574926609384745,1
"637",0,-0.497304768301547,0.188457108188386,1
"638",0,-0.543474172241986,0.0842001742265946,1
"639",0,-0.459711306262761,0.0119905929081142,0
"640",1,-0.632818754762411,0.0282260863750728,1
"641",1,0.123933881986886,0.0171249058676745,1
"642",1,0.848918066825718,0.532515117712319,0
"643",0,-0.757562387734652,0.0953509520596655,1
"644",1,-0.507449386641383,0.105896189632283,1
"645",0,0.230800129938871,1.05274178870022,0
"646",0,0.587866893969476,0.281967683256545,1
"647",0,0.998985113576055,1.02200517626479,0
"648",0,0.609319406095892,1.52187223834917,0
"649",1,-0.672718285117298,0.0622706644807596,1
"650",1,-0.151830777525902,0.551661097844423,1
"651",1,-0.215137246064842,0.0988792007944154,1
"652",1,0.84205893240869,0.178462858404964,0
"653",0,0.332165765576065,2.47731978189553,1
"654",1,0.423407625406981,0.24565608544711,1
"655",0,-0.3310257922858,0.29806255038999,1
"656",1,0.309713332448155,0.00780097803588719,1
"657",0,0.937728517688811,0.47102928981185,0
"658",0,0.877276862040162,0.9278663309291,0
"659",1,-0.71487503638491,0.0101534884351987,1
"660",1,0.551514526829123,0.336788996223551,1
"661",1,0.926127845887095,0.070604361755867,1
"662",0,-0.20970943570137,1.06427394999191,0
"663",1,0.537721829954535,0.0567713443189859,0
"664",1,-0.853406596463174,0.620523699373007,0
"665",0,0.949689507484436,2.7754325744696,0
"666",1,-0.913814187981188,0.0291838715871101,1
"667",0,0.805967277381569,1.22726978790015,0
"668",1,0.383445399347693,1.95919744856656,0
"669",0,-0.846159504726529,0.119786195343972,1
"670",1,-0.243013085797429,1.37300523109734,0
"671",0,0.268851232714951,2.17139837249602,1
"672",0,0.800152530893683,1.22891971915664,1
"673",0,-0.291664080694318,0.0273431854322553,0
"674",1,-0.129829369485378,0.110923974134128,1
"675",0,-0.832814369816333,0.91825311518017,1
"676",1,0.956806065980345,0.0161661685444415,0
"677",0,-0.19547029491514,0.740364539666202,1
"678",0,-0.178242160473019,0.248122884150399,1
"679",1,0.385390277486295,0.0514358006785169,1
"680",1,0.0974393985234201,0.215523746427044,1
"681",0,-0.97077696537599,0.065732996780161,1
"682",1,-0.908358791377395,0.0128117841363731,1
"683",1,0.64350424753502,1.20350797377692,1
"684",1,-0.890113787725568,0.193153040204197,0
"685",0,-0.849297651555389,0.123044801875949,0
"686",0,0.991927333641797,1.15469464799389,0
"687",0,0.670639262534678,1.82636087825522,0
"688",1,-0.813293964136392,0.233978412393481,0
"689",1,-0.965009787585586,0.0235701674002244,1
"690",0,-0.991164171602577,0.140638674310456,1
"691",1,0.896028801333159,0.234872758761048,0
"692",1,-0.621991100721061,0.13683132958078,1
"693",1,-0.777947844006121,0.0565431253958493,1
"694",0,0.825726707465947,0.587254221754437,1
"695",0,-0.401869230903685,0.368527121227288,1
"696",1,-0.568078817334026,0.0619800749160223,1
"697",1,-0.764244659338146,0.14961900420048,1
"698",1,0.701993570663035,1.16384990430443,1
"699",1,-0.464827921707183,0.416732698268823,1
"700",0,0.617197078187019,0.185112450376474,1
"701",0,-0.710406305734068,0.0315838774948485,1
"702",1,0.497892665676773,0.23238308664829,1
"703",0,-0.0281214523129165,1.03012913009152,0
"704",0,0.450566302984953,0.00563989846873577,1
"705",1,-0.740119375288486,0.227602685705865,1
"706",1,0.328444803599268,0.413771231202802,1
"707",0,0.0430583017878234,0.963887680569162,1
"708",0,0.886033419054002,0.933267732430249,0
"709",0,0.0686540729366243,1.01291589634493,0
"710",0,0.210374537389725,1.27068312037736,0
"711",0,0.80270559899509,0.175706685463215,1
"712",0,-0.121332912240177,0.970867322944105,0
"713",1,-0.425688712857664,0.401414681263613,1
"714",1,-0.791638974566013,0.480653608245228,1
"715",1,-0.823559924028814,0.112408016176366,1
"716",1,-0.156115955673158,0.448759030966783,1
"717",0,-0.754929467104375,0.532636385690421,0
"718",0,0.786963850725442,1.86967751123011,0
"719",1,0.344698343425989,0.131999472939796,1
"720",0,-0.313955842051655,0.0526049909833717,1
"721",0,-0.558845025487244,0.109485461318139,1
"722",0,-0.286024662200361,0.459909993939958,1
"723",1,-0.0309212738648057,0.140635575677323,1
"724",0,0.744552977383137,0.732608303148299,0
"725",0,-0.805344219785184,0.773589212107321,1
"726",0,-0.204180111177266,0.435564251037118,1
"727",0,0.4649254293181,0.724965134809762,1
"728",0,0.855907007586211,0.209692445397377,0
"729",0,0.448872673325241,2.04245896534994,0
"730",0,0.378951231949031,0.0649499862454832,0
"731",1,-0.482408727519214,0.23033140869281,1
"732",0,0.780126014724374,0.239578673429787,0
"733",0,0.431951552629471,0.00602439058997915,1
"734",0,-0.253578280098736,0.641845902782028,1
"735",1,-0.136742020025849,0.833570810264287,1
"736",0,0.815408908762038,2.34148066891357,0
"737",0,-0.141830377746373,1.0068965883836,1
"738",0,-0.783000941388309,0.330603283150597,1
"739",0,0.907537914812565,0.246861453913152,0
"740",0,0.742617819923908,2.79947890006006,0
"741",1,0.650090411305428,0.0712553082965314,0
"742",1,-0.983735212124884,0.0642402295074158,1
"743",0,-0.256035970989615,0.0935242819616411,1
"744",0,-0.788371419068426,0.113051946926862,0
"745",0,0.960726574528962,0.0567454974167049,0
"746",0,-0.803151398897171,0.102412453945708,1
"747",0,-0.591977163217962,1.04806988498094,1
"748",0,0.349876702297479,0.537211527302861,0
"749",0,-0.488028093706816,0.593278811448173,1
"750",0,0.736356774810702,1.36624416010454,0
"751",0,-0.824799379799515,0.380617643202769,1
"752",1,0.198945535346866,0.210745553105208,1
"753",1,-0.066538895945996,0.0121586294811489,1
"754",0,-0.093158071860671,0.494471836276352,0
"755",0,0.780889066401869,1.120152708143,0
"756",1,-0.969968409277499,0.082909992759103,1
"757",1,0.0420211534947157,0.172481853794306,0
"758",0,0.0974110038951039,1.6677680298686,0
"759",1,-0.832787592429668,0.190810375423721,1
"760",0,0.913756768219173,1.90404877429828,0
"761",0,-0.381602978333831,1.0923263446076,1
"762",0,0.464380289427936,0.145780661422759,0
"763",1,-0.130286829080433,0.188925478519621,1
"764",0,-0.530295715201646,0.0666397828266541,1
"765",0,-0.108887806534767,0.11495614266023,0
"766",0,-0.248439109884202,0.0918249184814436,1
"767",0,0.160701563116163,0.144164311189232,1
"768",1,-0.0815864838659763,0.358525506789681,1
"769",1,0.283623582217842,0.110159257026668,1
"770",0,0.195615215227008,0.624025423638523,0
"771",1,0.0847244979813695,0.443933488952092,1
"772",0,0.654190294910222,0.409243849851191,0
"773",1,-0.0270682591944933,0.0801709518321862,1
"774",0,0.918067568447441,1.98299208059907,0
"775",1,-0.894672576338053,0.00736923885014243,1
"776",0,0.198743010871112,2.37779073650017,0
"777",0,-0.0228902702219784,0.80524773336947,0
"778",0,0.674136034213006,1.33628490464762,0
"779",0,0.66503280820325,0.393209438771009,0
"780",0,-0.397255439311266,0.0205081006512046,0
"781",1,0.53033842984587,0.274604481856566,1
"782",0,-0.473640989977866,0.00445355288684368,0
"783",0,0.775954141281545,0.0109575480222702,0
"784",1,0.65549264010042,0.865799109730869,0
"785",1,0.884253612719476,0.156584327193025,1
"786",0,0.104248937685043,1.90893105191464,1
"787",0,-0.19006939092651,2.59164774063975,0
"788",0,-0.766852138563991,0.0609437694549887,1
"789",1,-0.920673998072743,0.061578984657404,1
"790",1,0.034834764432162,0.131518988782746,1
"791",0,-0.065261822193861,0.193295641570324,1
"792",0,-0.211800009012222,0.673407965924084,1
"793",0,-0.662375301122665,0.167094953360682,1
"794",0,0.616153192706406,0.683293385032419,1
"795",0,-0.478012567851692,0.530695427596345,1
"796",0,0.768044834025204,1.53662263728724,1
"797",1,-0.684326824732125,0.0251554053037823,1
"798",0,-0.709831234067678,0.693882578194164,1
"799",1,0.778107509482652,0.61656570835061,1
"800",1,0.735982557293028,1.33175270929933,0
"801",0,-0.705651248805225,0.387144507087527,1
"802",1,-0.487907515838742,0.0185269465251384,1
"803",0,-0.0430308738723397,0.34498702827841,0
"804",0,0.718010440934449,0.682989866565913,0
"805",1,0.199889108538628,0.213127755812676,1
"806",1,-0.668513564392924,0.27946534181923,1
"807",1,0.632888542022556,1.64753539655358,0
"808",1,0.839556607883424,0.255862605645224,1
"809",1,-0.765450416598469,0.0465314582083472,1
"810",0,-0.795722053851932,1.00480971763372,1
"811",1,-0.765252029523253,0.440255635293034,1
"812",0,-0.559252630919218,0.779327942666585,1
"813",0,-0.460545296315104,0.5745989035815,0
"814",1,0.255304236896336,0.0801070088520646,0
"815",1,-0.921260675881058,0.00367063385555473,1
"816",1,-0.534218702465296,0.0104089418532374,1
"817",0,-0.39445930859074,1.02850323889003,1
"818",0,0.446256358642131,1.16132394913584,0
"819",0,-0.869523171335459,0.127559839614251,1
"820",1,0.835267716087401,2.01671373154968,0
"821",1,-0.378869910724461,0.269574916549027,0
"822",0,-0.411600575782359,1.24664155906066,0
"823",0,0.200787256937474,0.543284072726965,0
"824",0,0.398522723931819,0.0506670051254332,0
"825",0,0.620624723378569,0.821003581822126,1
"826",1,-0.230931703466922,0.738763281617931,1
"827",1,-0.626394890714437,0.00874498519787954,1
"828",1,-0.581203626934439,0.0103857026319624,1
"829",1,0.268860461190343,0.97675017728921,1
"830",0,-0.54137281794101,0.00735088130459189,0
"831",0,0.14170110039413,0.0159792770672515,1
"832",1,0.384956239257008,0.168205017130822,0
"833",0,0.579440282192081,0.172185385103686,1
"834",1,-0.149191048927605,0.0607826299722796,1
"835",0,-0.891095329076052,0.0288394813304985,1
"836",1,-0.536104274448007,0.0344142410690955,1
"837",1,0.480180939659476,0.233616442650625,1
"838",1,-0.471585791558027,0.22351430111637,1
"839",0,-0.329049303662032,0.250946967849607,1
"840",0,-0.601322812493891,0.332932651601732,0
"841",0,0.177335444372147,0.41877550571931,1
"842",0,-0.0426653954200447,0.460681128129363,0
"843",0,0.911979742348194,1.64236708395183,0
"844",0,0.0860413238406181,0.381435408908899,1
"845",1,-0.969811588991433,0.03547893347238,1
"846",0,-0.383012611418962,0.0046577741779614,1
"847",0,-0.228519906755537,0.0395700227576746,1
"848",1,0.134845396038145,0.429051673340188,1
"849",1,-0.00957766314968467,0.0698980885354842,1
"850",1,0.343326155561954,0.382330031879246,0
"851",1,-0.798629134427756,0.0182368842439424,1
"852",1,-0.450538590084761,0.667135549988598,0
"853",0,0.769780895672739,0.238573303446174,0
"854",0,-0.297989810351282,0.231311960908645,1
"855",1,0.752503674011678,1.49412218928337,0
"856",0,-0.584793618880212,0.121180750380646,1
"857",1,0.40311759756878,0.0542761373981804,1
"858",1,-0.530279642902315,0.51382410432194,1
"859",1,0.123207765631378,0.457584584499152,1
"860",1,-0.0040646861307323,0.0737085176579539,1
"861",0,-0.552207253873348,0.494647201595713,1
"862",0,0.130368215031922,0.639856242808711,1
"863",0,0.886496849823743,0.471398517276006,1
"864",0,-0.342120855581015,0.481635751016438,0
"865",1,-0.491948100272566,0.137634072209522,1
"866",1,-0.795549992471933,0.103832641687258,1
"867",0,0.131105649285018,0.658156890244901,1
"868",1,-0.752283930312842,0.344041464957445,1
"869",1,0.84256533998996,0.224606483522803,0
"870",0,-0.672682444564998,1.00023694181048,1
"871",1,-0.449015816207975,0.983232160850272,1
"872",0,0.784944176208228,1.2791636926122,0
"873",1,-0.741656393744051,0.0248100142135536,1
"874",1,-0.71132941218093,0.027104363578662,1
"875",0,-0.573369179386646,0.532515512283518,1
"876",1,-0.67306748079136,0.100806200673717,1
"877",1,-0.256653981748968,0.0539737846981034,1
"878",1,-0.236032684333622,0.00686906164040748,1
"879",0,0.354827083647251,0.662601213064045,0
"880",0,0.631277047563344,1.01545327370986,0
"881",1,0.636392789892852,0.429186084121466,0
"882",0,-0.540922234766185,0.334813411057242,1
"883",0,-0.37089077103883,1.04913677657023,0
"884",1,-0.68442013207823,0.116797993912759,1
"885",0,-0.540105431806296,0.712139900824972,1
"886",0,0.923865457996726,0.0964964248239994,0
"887",0,-0.708758473396301,0.559701719041914,0
"888",1,-0.277137723751366,0.441951522174017,1
"889",0,-0.201865204144269,0.722946868844841,1
"890",1,0.40978978946805,0.186855915319082,1
"891",1,-0.426898312754929,0.179831196554005,0
"892",1,-0.142511054873466,0.150568089678733,1
"893",0,0.479283832013607,0.199470783377511,1
"894",0,-0.181470996234566,0.857644526962022,1
"895",1,0.699583189096302,0.829219015928902,1
"896",1,-0.810756380669773,0.0937647432029639,1
"897",1,0.893859782721847,0.428370897923499,1
"898",0,-0.915032549295574,0.0503404282000852,1
"899",0,-0.651263256091624,0.596491008810699,0
"900",0,-0.155146428849548,1.49508392652497,0
"901",1,-0.597353618126363,0.0776101529307869,1
"902",1,0.0746018937788904,0.678817023802549,0
"903",1,-0.425504742655903,0.144126684414813,1
"904",0,-0.063017601147294,2.07814194159582,0
"905",1,0.219707891345024,0.322748045419191,1
"906",1,0.61796629615128,0.055630205814537,1
"907",1,-0.790001610293984,0.172656754404306,0
"908",0,-0.836809893604368,0.0748682421304335,1
"909",0,-0.808935401029885,0.0606836140264645,1
"910",1,-0.814193548634648,0.112124978573007,1
"911",0,-0.869377658702433,0.341068087035632,1
"912",0,0.896263598464429,0.0136454115489625,1
"913",0,0.340314999688417,0.7582872569561,0
"914",1,-0.073437784332782,0.205503745251093,1
"915",0,-0.950874388217926,0.0631699217987826,1
"916",0,-0.550220713019371,2.00692006731406,0
"917",1,-0.667318792548031,0.0344822867739657,1
"918",0,-0.0695774205960333,1.18657814002225,1
"919",0,-0.665150324814022,0.524644084484575,1
"920",0,-0.604620320256799,0.0958244202224103,1
"921",0,-0.486029896885157,1.56055094795302,0
"922",0,-0.630736810620874,1.4719356065616,0
"923",0,-0.171661200467497,0.534325690381229,0
"924",0,-0.349257530644536,0.0435437168989423,1
"925",1,-0.658903444185853,0.616927619100066,1
"926",0,0.392759235575795,0.331026323238378,1
"927",1,-0.778711979277432,0.167428591531386,1
"928",1,0.592104663606733,0.607916335761547,0
"929",0,-0.496109896339476,0.0518114560148418,1
"930",1,-0.0765889738686383,0.224887354724457,1
"931",0,-0.439476000610739,1.26828529567803,1
"932",1,-0.500426218379289,0.0928819693907885,1
"933",1,0.659231037367135,0.221266664095429,1
"934",0,0.509708261583,1.11935943529047,1
"935",0,-0.862254186533391,0.0685988299548626,0
"936",0,-0.412625737022609,0.143520959394914,1
"937",0,0.848377426620573,1.07080324245617,0
"938",1,-0.242743763606995,0.0240890334615671,1
"939",0,-0.0883863251656294,0.377237075380981,0
"940",1,0.708273243159056,0.0268554977958979,1
"941",0,-0.258353121113032,0.340019455893878,1
"942",0,0.879479038063437,1.56159841032189,1
"943",1,0.448370305355638,0.774691305273087,1
"944",0,0.00847128313034773,0.200262139676875,1
"945",1,0.131511032115668,0.271147711336237,1
"946",1,-0.746178162284195,0.191067623811134,1
"947",1,0.836171166971326,0.283324236183992,1
"948",0,0.744543588254601,1.72695242278278,0
"949",1,0.475934652145952,0.375181810423275,1
"950",1,0.313464640639722,2.03433203613386,0
"951",1,0.909807453397661,0.143151802790199,1
"952",0,-0.869164749979973,0.870248938235963,1
"953",1,-0.120120393112302,0.110154240680708,1
"954",1,-0.931079839356244,0.152717185206711,0
"955",1,0.731042427010834,0.48091859447454,1
"956",0,0.0202825763262808,1.57720707799119,1
"957",1,0.514258836396039,1.39082586762569,1
"958",1,0.465086039155722,0.615156608074903,0
"959",1,-0.813704026397318,0.0746241898992503,1
"960",0,0.956811209209263,0.678333882894367,0
"961",0,-0.183708412572742,1.47909327596426,0
"962",0,0.60880265943706,0.925180969014764,0
"963",1,0.0422019669786096,0.00311186124877904,1
"964",1,0.372340511996299,0.151954121768325,1
"965",0,-0.29025111021474,2.22378339843465,1
"966",1,-0.154458137694746,0.144925775134986,1
"967",1,0.133375650737435,0.266202036470705,1
"968",1,0.876509252004325,0.463347116481542,1
"969",1,0.76132056908682,0.494954780739456,1
"970",1,0.0787885570898652,0.432591802791513,1
"971",0,-0.404181386344135,0.28601335687265,1
"972",0,0.404501548968256,2.1755729092285,0
"973",0,0.192867518402636,0.699295618720615,1
"974",0,0.639321056660265,1.72215096317232,0
"975",1,-0.140733068343252,0.0946682681672832,1
"976",0,0.248306571505964,1.22372634697283,1
"977",0,0.387859050184488,0.955137112177908,0
"978",1,-0.390538568142802,0.120540183041146,1
"979",0,-0.395335639361292,0.223296604864299,0
"980",1,0.23012215225026,2.135042689275,0
"981",0,-0.668630512896925,0.0884241048877114,1
"982",1,-0.40509521914646,0.0500519308158647,1
"983",1,-0.951792848762125,0.17315378050143,1
"984",0,0.344006618019193,1.97457835879177,0
"985",1,-0.434921436011791,0.948557632876773,1
"986",1,0.423497285693884,1.59215726007766,1
"987",0,-0.915674593765289,0.50011447934189,1
"988",1,0.720896570477635,0.133873505238444,0
"989",0,-0.981805964373052,0.180521738649877,1
"990",1,0.792049001902342,0.954121424816549,0
"991",1,0.68844841979444,0.103640963303183,1
"992",1,0.819051597733051,0.629201269276167,1
"993",1,-0.907325836829841,0.108555777551652,1
"994",0,-0.877579981926829,0.916079726200836,1
"995",0,0.578874640632421,2.2946755444631,0
"996",0,-0.92497970815748,0.21655534241687,1
"997",0,-0.449464369565248,0.658027461935555,1
"998",0,-0.237196937203407,0.189065136853605,0
"999",1,0.228764160070568,0.0240862795770588,1
"1000",1,-0.140054965391755,0.0469270315771533,1
"1001",1,0.426517214626074,0.421998782177998,1
"1002",0,-0.712198289111257,0.329083210323006,0
"1003",1,-0.2818832132034,0.846800013164344,1
"1004",0,0.867574688978493,2.52639154614881,0
"1005",1,0.0595104699023068,1.03250754017759,1
"1006",0,-0.476216840557754,0.138013947289437,0
"1007",1,0.0765289943665266,0.103625758675135,1
"1008",0,0.435784801375121,0.955595316272229,0
"1009",0,0.191143595147878,1.65628346627937,1
"1010",0,0.276181163731962,1.81812093770131,0
"1011",1,-0.0601258436217904,0.420049695118149,1
"1012",0,-0.393662625458091,1.54889655578882,0
"1013",1,-0.114897790830582,0.17360731959343,0
"1014",1,0.226176583673805,0.362992458138615,0
"1015",1,0.807102154474705,0.886129663729789,1
"1016",1,0.338814079295844,0.220290792069814,1
"1017",0,-0.379176979884505,0.147318115434374,1
"1018",1,-0.131203182041645,0.743123243041035,1
"1019",0,0.659526893403381,0.464409801419945,1
"1020",0,-0.675500811543316,2.51786744417623,0
"1021",1,0.361824592575431,0.646239328570664,0
"1022",1,-0.768792167771608,0.0500726853550109,1
"1023",1,-0.581717076711357,0.90371537973576,1
"1024",0,0.0872895694337785,0.131146000899851,1
"1025",1,-0.112520636990666,0.185415725498286,1
"1026",0,-0.34778596740216,0.0411181903036868,1
"1027",0,0.0226545063778758,1.84987493842489,1
"1028",0,0.361724984366447,1.80752809653059,0
"1029",0,-0.481543973088264,0.162572564326295,1
"1030",1,-0.305651497561485,0.324766243427323,1
"1031",1,-0.529947739094496,0.143264042043961,1
"1032",1,0.668000317178667,1.99487327601473,1
"1033",1,-0.867497587110847,0.101344258361988,1
"1034",0,0.198606717400253,0.950459974064187,1
"1035",1,0.790293840691447,0.145492628232446,1
"1036",1,-0.331171821337193,0.116227914102359,1
"1037",0,0.106438763439655,0.226687345629977,1
"1038",0,0.357360595837235,1.61377432495356,0
"1039",1,-0.769024183508009,0.187365637045045,1
"1040",0,0.689819012768567,0.0404874444939196,0
"1041",1,-0.653698960319161,0.0951458832283654,1
"1042",1,0.767405074555427,1.57513695366151,1
"1043",1,-0.963989934884012,0.113482299648664,1
"1044",0,-0.756461206823587,0.135304248569449,1
"1045",1,-0.0839895838871598,0.739792918600142,0
"1046",1,0.757956177461892,1.11605126556808,1
"1047",0,0.343600934371352,1.92727174889296,0
"1048",0,0.250401359982789,0.688147376902098,1
"1049",1,0.35514397546649,0.542921582610164,1
"1050",0,0.614452308509499,1.72031098864973,0
"1051",1,0.673781692516059,0.384179642053114,1
"1052",0,-0.315585353411734,0.820324221731267,1
"1053",0,-0.532371588051319,0.00664466035907078,1
"1054",0,0.526939080096781,0.641465275269002,0
"1055",0,-0.425573437940329,0.0950367468434967,1
"1056",1,0.777331428136677,0.0856536182494042,1
"1057",1,0.347682277671993,1.53784236691309,1
"1058",1,-0.743593036662787,0.100945723165847,1
"1059",1,-0.758241060189903,0.0310491207665329,1
"1060",1,0.599628868978471,0.344094343994325,1
"1061",1,0.0277091595344245,1.24250089273386,1
"1062",1,-0.344018083065748,0.860224656767457,1
"1063",1,0.161087564192712,0.668063834663664,1
"1064",1,0.510994774289429,0.252004553059941,1
"1065",0,0.34569351375103,2.45356406597421,0
"1066",1,-0.770853434689343,0.193144283392188,1
"1067",1,-0.905221039429307,0.068966749571576,1
"1068",1,0.470093266572803,0.587921641821631,1
"1069",1,-0.833037471864372,0.447914186190905,1
"1070",1,-0.858562394976616,0.359820959372765,1
"1071",1,-0.927643011324108,0.150444111926893,1
"1072",1,0.111015448346734,0.00187135757878423,0
"1073",1,0.790430007968098,1.16799144575816,1
"1074",1,0.0379609917290509,0.257505361067135,1
"1075",1,0.321989350952208,0.105257302988321,0
"1076",1,-0.0129060694016516,0.45150694215128,1
"1077",0,0.57747606234625,1.32484932279422,1
"1078",0,-0.67464643297717,0.197882631062325,1
"1079",0,-0.23223513783887,1.52497172945712,1
"1080",0,0.978306278586388,2.47018570248038,0
"1081",1,0.802481768652797,0.968857734061799,1
"1082",0,0.867443065159023,1.88309233449399,0
"1083",1,-0.807687303051353,0.0854417825946816,1
"1084",1,0.785815068054944,0.176282044686377,0
"1085",1,-0.415700024459511,0.249332483072438,1
"1086",1,-0.56660506175831,0.00462164079914419,1
"1087",0,-0.562498650047928,0.989723683521151,0
"1088",0,-0.00130201736465096,1.71220168526803,1
"1089",0,-0.144889020826668,2.00075338464097,1
"1090",1,0.373371666297317,0.07354698267941,1
"1091",1,-0.16800392139703,0.103194933757186,0
"1092",1,-0.437661291100085,1.03683246961403,1
"1093",1,-0.506900482345372,0.0733980703907607,1
"1094",1,0.671987004578114,2.61103700818494,0
"1095",0,-0.217583755496889,0.940582694578916,0
"1096",1,0.273481729440391,0.328932138254653,1
"1097",0,-0.537436923012137,1.21271074097604,0
"1098",1,-0.106106861960143,0.849837777094593,1
"1099",0,0.0145363276824355,1.98097963714972,0
"1100",1,0.30290263844654,0.797937450187871,1
"1101",0,0.363635254092515,0.161445602681488,0
"1102",0,-0.649152918718755,0.186499418846063,1
"1103",1,0.510865575633943,0.270566494599089,1
"1104",1,-0.164078183006495,0.0880737444096096,1
"1105",0,-0.79456566972658,0.406669188101218,1
"1106",1,-0.330116624943912,1.72758230176147,1
"1107",0,0.756889324169606,0.0676843747910142,1
"1108",0,-0.654857036657631,0.0445359115488827,0
"1109",0,0.943881825078279,0.832991369441152,0
"1110",1,-0.359793707262725,0.365119237130483,1
"1111",1,-0.337158599402755,0.0569147553088965,1
"1112",1,0.818268498871475,0.483070883870809,1
"1113",0,0.370329966768622,1.78239419381629,1
"1114",0,-0.817084762267768,0.0344601938856383,1
"1115",0,-0.269990256987512,0.293856971379488,1
"1116",0,0.250487971585244,0.272744037808526,1
"1117",0,-0.14615669939667,0.00998932998627424,0
"1118",0,0.849401264917105,1.9100909777917,0
"1119",1,0.600663206074387,0.00492673820096358,1
"1120",0,-0.0903274044394493,1.13248459436701,1
"1121",0,-0.837943918537349,0.0180747226054075,1
"1122",1,-0.865674630738795,0.231614353035519,1
"1123",1,0.893791958224028,2.12560917949304,0
"1124",1,0.57816845504567,0.957747441541951,1
"1125",0,0.63051728811115,1.96903479509056,0
"1126",0,-0.186189714353532,0.00129240160158516,1
"1127",1,0.0436009611003101,1.02622873900669,1
"1128",0,0.4382932218723,1.32030666505109,1
"1129",0,-0.879246487747878,0.22018924141595,1
"1130",1,-0.314241739921272,1.20521679247574,1
"1131",1,0.482516636140645,0.4668385359387,1
"1132",0,0.967034137807786,0.313835340863617,1
"1133",1,0.593500045128167,0.0266476843240398,1
"1134",0,-0.123577514197677,0.0720167003643376,1
"1135",1,-0.687493303790689,0.943552933940277,1
"1136",1,-0.201049790252,0.200607606648724,1
"1137",0,-0.891055484302342,0.478973196781458,1
"1138",0,-0.67665775353089,0.603388624358922,0
"1139",0,-0.565821268595755,1.57372997747734,0
"1140",1,0.434159606229514,0.529999254550785,0
"1141",1,-0.520427498035133,0.171758356381988,1
"1142",0,0.210228662006557,0.331968252547085,0
"1143",1,-0.857755046803504,0.117891474161615,1
"1144",0,-0.293273394461721,0.38935821056366,0
"1145",0,-0.771488746628165,0.692837970166538,1
"1146",0,-0.813639465719461,0.374420622270554,0
"1147",0,-0.9755052565597,0.43984002333516,1
"1148",1,0.489818078000098,0.597130966224145,1
"1149",1,-0.644621989689767,0.140152976884616,1
"1150",0,0.440708878450096,0.228843876719475,0
"1151",1,0.822677995543927,0.238198225107044,0
"1152",0,-0.125442008022219,0.534613928871022,1
"1153",1,0.976752002723515,0.581800569269363,1
"1154",1,0.310294865164906,0.0759457817740825,1
"1155",0,-0.393501495942473,0.881964288821649,1
"1156",0,-0.794160963967443,0.467035475023909,1
"1157",1,0.566806941758841,0.081724187079817,0
"1158",1,0.0964598744176328,0.0215371007263826,1
"1159",0,0.030556071549654,0.286011165566742,0
"1160",0,-0.934380311984569,0.0959044936987779,1
"1161",0,-0.238795693032444,1.19995964782513,1
"1162",0,-0.443632255773991,2.47153826438656,1
"1163",0,0.425732847768813,1.2915154966131,1
"1164",1,0.253549563698471,0.742946132458746,0
"1165",1,-0.192221831064671,0.661186212021857,0
"1166",0,0.511226973962039,2.287812994048,0
"1167",1,0.284437606111169,0.0208239230791562,1
"1168",1,-0.0610058433376253,0.0863495517522097,0
"1169",0,-0.278976103756577,1.83984461457764,1
"1170",0,-0.183852938469499,0.273745545372367,0
"1171",0,0.664256252348423,0.955292110053119,1
"1172",1,0.656101294327527,0.337484723110105,1
"1173",1,-0.386386375874281,0.364114734064788,0
"1174",1,0.0630988320335746,0.661960981075146,1
"1175",1,-0.00775233982130885,0.336132569806934,1
"1176",0,0.133565288037062,0.539497633338111,1
"1177",1,-0.363268795888871,0.399293644358374,1
"1178",1,0.999781881924719,1.02590863090008,0
"1179",0,-0.71570058260113,0.28593401649783,1
"1180",1,0.066229626070708,0.0287756065838039,0
"1181",0,0.178228819277138,1.72004087362438,0
"1182",0,-0.624249214772135,0.153162116854985,1
"1183",1,-0.809275779407471,0.608674551743734,1
"1184",0,-0.0290698814205825,0.170013964548707,0
"1185",0,0.444878932554275,1.2669404078275,0
"1186",1,-0.581244473811239,0.0454687532634389,1
"1187",1,0.661097022239119,0.291435014839417,1
"1188",1,0.371850403957069,0.779257845800816,1
"1189",0,0.538717006333172,1.22975440947339,0
"1190",0,-0.796315864659846,0.436241685541957,1
"1191",1,0.331237035337836,0.086553705224962,1
"1192",0,0.454793724697083,0.65187752712518,0
"1193",1,0.280617483891547,0.117895824841239,1
"1194",1,-0.430887162685394,0.524575657663745,1
"1195",1,-0.620082635432482,0.196585456126412,1
"1196",1,0.170536793302745,0.366831588480213,1
"1197",0,0.84850929537788,2.04209406409184,1
"1198",0,0.191702452488244,1.17568611499728,1
"1199",1,-0.0190814551897347,0.117594661142657,1
"1200",0,0.052050534170121,0.161969755422417,1
"1201",0,0.869528249837458,2.40048793880269,0
"1202",0,0.46595307206735,0.252961958442536,1
"1203",0,0.0327314157038927,0.819330229697385,1
"1204",0,-0.207189312204719,1.07315101329681,1
"1205",1,-0.240782039240003,0.0756707312939946,1
"1206",1,-0.572468001861125,0.236033061901961,1
"1207",1,-0.282229168806225,0.0920991471401286,1
"1208",1,-0.575964987277985,0.0813697423945665,1
"1209",1,0.432726084720343,0.107075584871085,1
"1210",0,0.791879088617861,2.28464054120704,0
"1211",0,-0.195668972097337,0.916457420121878,0
"1212",0,-0.890051741618663,0.040329444285076,1
"1213",0,0.434832473285496,0.317026806809008,0
"1214",0,0.969281770754606,0.754616324044764,0
"1215",0,-0.755187639500946,0.756020871456712,0
"1216",0,-0.118725908454508,0.00567678650353744,1
"1217",0,-0.00463014328852296,0.205288944859326,1
"1218",0,-0.741086474154145,0.226863172480562,1
"1219",1,0.974471135996282,0.237589066941291,0
"1220",0,0.71169548900798,0.309900263380607,1
"1221",0,-0.702235158532858,0.0247089145900491,1
"1222",1,-0.4457833673805,0.110560959056175,1
"1223",0,0.84076539799571,0.135768298245966,0
"1224",1,0.694329090882093,0.824095982844237,1
"1225",1,0.634817648213357,0.136316219978837,1
"1226",0,0.561221504118294,0.70525777246803,0
"1227",0,-0.0803095758892596,1.56080280124044,1
"1228",0,0.616516036447138,0.154214808278572,1
"1229",1,-0.829167290590703,0.0317611716658982,1
"1230",0,-0.50449791084975,0.380642026476562,0
"1231",1,0.797873703297228,0.807338289916515,0
"1232",1,0.128399511799216,0.14428611917091,1
"1233",1,0.798009804915637,0.839627607725561,0
"1234",1,-0.233565054833889,0.256394301873265,1
"1235",1,0.359677298460156,1.62840668614954,0
"1236",1,-0.21605239668861,0.0737026258820493,1
"1237",1,0.095597798936069,0.452419440966054,1
"1238",0,0.27029269747436,0.286731686590365,1
"1239",1,-0.0149124879390001,0.36730515362605,1
"1240",0,0.863345907069743,0.601361090056066,1
"1241",1,0.051600135397166,0.970077155986763,1
"1242",0,-0.136225545778871,0.282109162220843,1
"1243",1,0.92183481855318,0.242832793864658,1
"1244",0,-0.719785518012941,0.10217233688739,1
"1245",0,-0.060076619964093,0.420929964187001,1
"1246",1,-0.230041475966573,0.703047934290515,1
"1247",1,-0.241043438203633,0.11656174614787,1
"1248",1,0.297047953587025,0.358631088677542,1
"1249",0,-0.523742267861962,0.113615073945619,1
"1250",0,0.792729245498776,1.10173025182109,1
"1251",1,0.693706831894815,2.55205198330415,1
"1252",1,0.931306624319404,0.103204153943807,0
"1253",1,0.294662518892437,0.0936995930712763,1
"1254",0,-0.225777679122984,0.0454479717659013,1
"1255",0,-0.979305168613791,0.616376730309063,1
"1256",0,-0.145197151694447,0.445962151278971,1
"1257",0,-0.0574791985563934,0.60870506310725,1
"1258",1,0.359174912329763,0.11535058330324,1
"1259",0,-0.941350722219795,0.676952426042408,0
"1260",1,0.838816401548684,0.712380088379994,1
"1261",0,0.717997470404953,1.46639647008851,0
"1262",1,0.770972042810172,0.102660484984517,0
"1263",1,0.539268562570214,0.0195448432686227,1
"1264",1,-0.424439274240285,0.456949333113554,1
"1265",1,0.443881159182638,0.982358972262591,0
"1266",0,0.249970217235386,0.877083773259073,0
"1267",1,-0.249592993408442,0.0858918882030825,1
"1268",0,0.670625461731106,0.594965161476284,0
"1269",0,0.525144730694592,0.555451512778673,1
"1270",0,-0.464818218257278,0.015986203122884,0
"1271",1,0.0681929853744805,0.970927964958754,1
"1272",0,-0.835748707875609,0.064087165805464,1
"1273",1,0.0429009632207453,0.146686371742423,1
"1274",1,0.571872776839882,0.673968809551906,1
"1275",1,0.759081842843443,0.0255402565933764,0
"1276",1,0.884963538032025,0.540105475576683,1
"1277",1,0.415834292769432,0.312263254401767,1
"1278",1,0.0456347479484975,0.257617559355013,1
"1279",1,0.0890358961187303,0.630642137051246,1
"1280",0,0.579490507021546,1.59227528600022,0
"1281",1,-0.315959685482085,0.200981837620953,1
"1282",1,0.535085792653263,1.23640248584334,1
"1283",1,-0.220082519110292,0.0201274960460879,1
"1284",0,0.649914153385907,1.15117491167039,0
"1285",0,-0.565122148487717,0.629734654382145,1
"1286",1,-0.0651899692602456,0.0665005327670381,1
"1287",1,-0.374468815047294,0.0273871148005128,0
"1288",0,0.985225928481668,2.11282427888364,0
"1289",0,-0.769829561002553,0.454760072632683,1
"1290",1,0.0465259095653892,0.106176308981765,1
"1291",0,0.381173373199999,1.23884163683638,1
"1292",1,-0.605513810645789,0.211051994874655,1
"1293",0,-0.815849402919412,0.223444105032831,0
"1294",0,-0.185573453549296,0.0530321733052709,1
"1295",0,0.0529395500198007,0.420399141786032,1
"1296",1,0.611837656237185,0.811753493268043,0
"1297",1,-0.177737368270755,0.23108789823063,1
"1298",1,-0.038308794144541,1.23826449304355,1
"1299",0,0.75665616011247,0.016308737238761,1
"1300",0,-0.372645306400955,0.64442974702747,1
"1301",0,0.787973994389176,0.551799262873828,0
"1302",1,-0.00484180497005582,0.387204804547004,1
"1303",1,0.944574635010213,0.568321821116567,1
"1304",0,0.502698004245758,0.105529229511972,1
"1305",1,0.364270795602351,0.62880653067422,1
"1306",0,-0.423881626687944,0.475878751727498,1
"1307",0,0.872158990707248,2.5387439689599,0
"1308",0,-0.572030038107187,0.0577535460183852,1
"1309",1,-0.152435263618827,0.139905067998916,0
"1310",1,-0.459573927335441,0.379095691173037,1
"1311",1,-0.179066262207925,0.244238800741732,0
"1312",1,0.262415314093232,0.274665288237576,1
"1313",0,0.897053729277104,2.23724472373724,0
"1314",0,0.833049898501486,0.192241871543229,0
"1315",1,0.543578688986599,1.02994537225357,1
"1316",1,0.127535994164646,0.307226529210959,1
"1317",1,0.0931588034145534,0.413907729930074,1
"1318",0,-0.991040945518762,0.814331256598294,1
"1319",0,0.173739086836576,1.10918938405812,0
"1320",1,-0.631307505071163,0.141170756768293,1
"1321",0,-0.312558302655816,1.34257054245099,0
"1322",1,-0.545678663998842,0.101878230087459,0
"1323",0,-0.127038282807916,1.19856030365517,1
"1324",1,0.745027851313353,0.616137671004981,0
"1325",0,0.572150133550167,2.65738645084202,0
"1326",0,-0.396442271303385,1.34322145711631,0
"1327",0,0.623793069273233,0.787700811319687,1
"1328",1,-0.255869054235518,0.00831594048171678,1
"1329",1,-0.845723879989237,0.143728676717728,0
"1330",1,-0.810472527518868,0.129130893329512,1
"1331",1,-0.238561572041363,0.414506924147159,1
"1332",1,0.910482374951243,0.910457198025133,1
"1333",0,-0.219264030456543,0.0354480548290945,1
"1334",1,0.507494659163058,0.00198263120218518,1
"1335",0,0.606537760235369,1.6158381421119,0
"1336",0,0.275797917507589,0.0954351901359288,1
"1337",1,0.855873417574912,0.130335107582934,1
"1338",1,0.0194001253694296,0.525953121595154,1
"1339",1,-0.680131104309112,0.300685780467991,1
"1340",0,-0.508993722498417,0.317921883619762,1
"1341",0,0.144364446401596,0.885446828007026,1
"1342",0,-0.385364948771894,0.319335546927333,1
"1343",1,0.986303013283759,0.311695697083626,1
"1344",0,-0.921852830797434,0.681624120061702,1
"1345",0,-0.150067321024835,0.722412927500575,1
"1346",0,0.393702958710492,0.941334463693379,1
"1347",1,0.281526225619018,0.142901923973113,0
"1348",0,0.0904197888448834,0.113028044868681,1
"1349",0,0.256812671665102,0.491652508170599,1
"1350",1,-0.357910285238177,0.236085818141281,1
"1351",0,-0.98159407870844,0.0615218744865594,1
"1352",1,0.928630001842976,1.18799081700646,1
"1353",1,-0.388700273353606,0.521843748568359,1
"1354",0,-0.919516318943352,0.0424532258019947,1
"1355",0,0.367312737274915,2.22359203165397,0
"1356",1,-0.924304090440273,0.0254227980706649,1
"1357",1,0.325094672851264,0.270054165353088,1
"1358",0,-0.538059683982283,0.713084747319275,1
"1359",0,0.90097725065425,0.965042997617274,0
"1360",0,0.164727359078825,0.362164913713582,1
"1361",0,-0.971737538930029,0.0317854420888262,1
"1362",0,-0.414945188444108,0.978118005500409,1
"1363",1,-0.0578988310880959,1.22581713618711,0
"1364",1,-0.922071202658117,0.315958364045906,1
"1365",0,0.551724683493376,2.759163747821,0
"1366",1,-0.952984821051359,0.0314006808599953,1
"1367",1,-0.616628208197653,0.0881263833174541,1
"1368",0,0.80343482689932,1.13515214268118,0
"1369",0,-0.880386687815189,0.118841901421547,0
"1370",1,-0.792382795363665,0.216401100100692,1
"1371",0,-0.599238618277013,1.0441083510702,1
"1372",1,0.360057826153934,0.144429839868098,0
"1373",1,-0.0433247126638889,0.387822165807698,1
"1374",0,0.277377102524042,1.16033100159839,0
"1375",0,0.187870308291167,1.41110240211823,1
"1376",0,0.227049144450575,0.127172569185495,0
"1377",0,0.870156134013087,0.36760780055988,1
"1378",1,0.738392900675535,0.970262739243297,1
"1379",0,0.556086536496878,0.646782837446147,1
"1380",1,-0.408474823459983,0.136228970327081,1
"1381",0,0.334313508123159,1.28617862155661,0
"1382",0,0.806788594927639,0.691587094922953,1
"1383",0,0.361392028164119,2.65723071359098,0
"1384",0,-0.268691806122661,2.37963019078597,0
"1385",1,-0.0061833318322897,0.764416109224807,1
"1386",1,-0.652414262294769,0.200964921712875,0
"1387",0,-0.520500084850937,1.0627254107024,1
"1388",0,-0.402255773544312,0.842564610391855,0
"1389",1,0.576717145275325,0.030684234353096,1
"1390",0,-0.919256856665015,0.198739022624936,1
"1391",0,-0.360026625450701,0.483539838015362,1
"1392",0,-0.060891724191606,0.800318362656981,0
"1393",1,-0.476205296814442,0.184061958211972,1
"1394",0,-0.324138350319117,0.907348643448128,1
"1395",0,0.464961293153465,1.36504786662596,1
"1396",0,0.722209417261183,0.265529293846339,0
"1397",1,0.25251671904698,0.365327800164223,1
"1398",1,-0.590560186654329,0.0566269327585064,1
"1399",1,-0.085160480812192,0.0709565476514399,0
"1400",1,0.421435819007456,0.215587026234326,1
"1401",0,0.829471367411315,0.214059186540544,0
"1402",0,0.158357217442244,0.320441759557553,1
"1403",1,0.652900604065508,0.670135372622161,1
"1404",0,-0.25362925324589,0.195149933017502,1
"1405",1,-0.919233835767955,0.0124173901384654,1
"1406",0,-0.345719871576875,1.11188947203887,1
"1407",1,0.0764545951969922,0.29100705422461,0
"1408",0,-0.000533708371222019,0.398216456767819,1
"1409",0,-0.156808003317565,0.0141616384752126,1
"1410",0,0.110478482209146,1.8447958542034,0
"1411",1,0.785800179466605,0.0526016816501904,1
"1412",1,-0.660966959781945,0.0157664338496056,1
"1413",1,-0.387674825731665,0.0736934939315566,1
"1414",1,-0.626414418686181,0.0299551836739344,1
"1415",0,0.941083938349038,1.32746995314956,0
"1416",0,-0.579393265768886,0.225201692963312,1
"1417",0,-0.762154180090874,0.136527144489212,1
"1418",1,-0.868369325995445,0.0427805588177864,1
"1419",1,-0.881022005807608,0.0418848205390875,1
"1420",0,-0.831229772418737,0.325469333340153,1
"1421",0,-0.732147363945842,0.360455093299599,1
"1422",1,0.0641690781340003,0.228775811958888,1
"1423",0,0.864177263341844,0.751890633348375,0
"1424",0,-0.657870344817638,0.0333208554646429,1
"1425",1,0.211696401704103,0.0307826861201046,1
"1426",0,-0.530830808915198,0.00918097021322219,1
"1427",0,0.467478478327394,1.46183119146153,0
"1428",1,0.329864317551255,0.125324024472415,1
"1429",0,-0.204472415149212,0.128133067768067,0
"1430",1,0.42053963476792,0.168405490671922,1
"1431",1,-0.456779817119241,0.0181946494209701,1
"1432",1,0.49101071478799,1.06424015731046,1
"1433",1,-0.432651003822684,0.0426665568347236,1
"1434",0,0.941610417328775,0.934665578044951,0
"1435",0,-0.526373528409749,0.0174169605874002,1
"1436",0,-0.373038250021636,0.372558542449182,1
"1437",1,0.912018978502601,0.353922397316754,1
"1438",0,0.829002817161381,0.386714925896376,0
"1439",1,0.872781168669462,1.37017001994316,1
"1440",0,0.061724956613034,0.112723913359506,1
"1441",1,-0.103255945723504,0.0456371492964903,1
"1442",1,0.853436389937997,0.0625448459885733,1
"1443",0,0.750270031392574,1.00524599840865,0
"1444",0,-0.117749161552638,0.520323446113616,0
"1445",1,0.939501869492233,0.699303082421024,1
"1446",0,-0.79984329175204,0.0468613142472507,1
"1447",0,0.810007963795215,1.95076476158574,0
"1448",1,0.223433884326369,0.348612262790176,1
"1449",0,-0.643952551763505,0.539159443136305,0
"1450",1,0.700788921676576,0.077608952317068,1
"1451",1,0.466767664533108,0.856742377023908,1
"1452",1,-0.327264343388379,0.0816850441067329,1
"1453",0,-0.372446791268885,0.0100197878463588,1
"1454",1,-0.654393892735243,0.0219648871450635,1
"1455",1,0.148308758158237,0.132849473915443,1
"1456",1,0.992125819902867,0.354804034721893,1
"1457",1,-0.89484569709748,0.0095644105055805,1
"1458",1,0.0684072901494801,0.0172978945000084,1
"1459",0,-0.388008778449148,0.035839782858308,1
"1460",0,0.984875959344208,1.87184338606894,0
"1461",0,-0.661764902994037,0.0166516325855971,1
"1462",1,0.967202112078667,0.182835720363832,1
"1463",0,-0.24674724182114,0.0996131176464462,1
"1464",0,0.668452120851725,0.476661982277871,1
"1465",0,0.560126540716738,2.65683776922524,0
"1466",1,0.3165891203098,0.024666939580866,1
"1467",1,-0.503188580740243,0.0142424240999256,1
"1468",1,-0.641490699723363,0.0980461748080369,1
"1469",0,-0.269357982091606,0.126191488082519,1
"1470",1,0.44514921028167,1.89630562337115,0
"1471",1,-0.194367711432278,0.48986344775185,0
"1472",1,0.524987441021949,0.125520162230333,1
"1473",1,-0.73503987537697,0.156245028287734,1
"1474",0,-0.195628619287163,0.123725007927407,1
"1475",1,0.954426783137023,1.19635427810502,1
"1476",1,-0.733734624926001,0.145785631623883,1
"1477",0,0.449630594812334,0.959706912591318,1
"1478",1,-0.545091158244759,0.398019165247801,1
"1479",1,-0.141738039907068,0.736601725500077,0
"1480",1,0.911301033105701,1.85608816482127,0
"1481",1,0.894635775126517,0.170320362055048,1
"1482",0,0.0471657607704401,0.847577826585621,0
"1483",1,0.415713460650295,0.472851265421651,1
"1484",0,-0.627425935585052,0.573290910956207,1
"1485",1,-0.420075683388859,0.043222917289942,1
"1486",1,0.585308727342635,0.662925991669709,1
"1487",1,0.432301565073431,0.0418615230412083,1
"1488",1,0.18766526831314,0.00232362623330676,1
"1489",1,0.0232946695759892,0.150954079262147,1
"1490",1,0.87010644748807,0.732262451376539,1
"1491",0,0.135082364547998,0.795023622084409,0
"1492",1,-0.421492706052959,0.060514197478979,1
"1493",1,-0.508844434283674,0.0810981659960988,1
"1494",1,0.111713183578104,0.0236027246807144,1
"1495",0,0.463745388202369,0.0908459901568232,1
"1496",1,0.730431636795402,0.161593231931329,0
"1497",0,0.759189029689878,0.434371930267662,0
"1498",0,0.78396973432973,0.541748922411352,0
"1499",0,-0.684155641589314,0.0591195948481405,1
"1500",1,0.493790722917765,0.540961263098917,1
"1501",1,-0.301482707262039,0.499701891104068,1
"1502",0,0.0701673910953104,1.45505353678018,0
"1503",0,-0.469324996229261,0.138615245370999,1
"1504",1,0.682958245277405,0.0380922750288255,1
"1505",1,0.431965444702655,0.422525504231453,0
"1506",1,0.491328098345548,0.0257656918269458,1
"1507",0,0.654915887862444,2.78901766380295,0
"1508",0,-0.90451206965372,0.0117371289617016,1
"1509",1,-0.512691356707364,0.0102113168314056,1
"1510",0,0.073432270437479,0.572355755325407,0
"1511",1,0.453544424846768,0.378640587130413,1
"1512",0,0.216726141050458,0.315942274779081,0
"1513",1,-0.0697307959198952,0.245653795469424,1
"1514",0,0.802472188603133,1.8020307556726,0
"1515",0,0.170510921627283,0.0621582930327513,1
"1516",1,-0.960809357464314,0.0216716084364564,1
"1517",1,-0.54082170734182,0.60779773884605,1
"1518",0,-0.31078450800851,0.0325771762003126,1
"1519",0,0.740382568910718,2.13062406396493,0
"1520",0,-0.631551035214216,0.250493668571814,1
"1521",1,-0.624174856115133,0.632889447403576,1
"1522",0,0.366937380284071,2.04864203892648,0
"1523",0,-0.552625691518188,0.157273485391486,1
"1524",1,0.695704968646169,0.322824205644429,0
"1525",1,-0.496729950420558,0.0655537250153091,1
"1526",1,0.544283068738878,0.198665956221521,0
"1527",0,0.974609469529241,1.31955063035712,0
"1528",0,0.105865490622818,0.397739841323346,0
"1529",0,0.922921541612595,1.30300093577165,1
"1530",0,0.517568931914866,1.31284162827019,1
"1531",1,-0.807771501131356,1.00683242179349,1
"1532",0,-0.786015973892063,0.732308277767152,0
"1533",0,0.508163314312696,1.15962030338123,0
"1534",0,-0.259499504696578,0.808722971373316,1
"1535",1,0.048657760489732,0.10342860045538,1
"1536",0,-0.833472789265215,0.25338422923529,1
"1537",0,-0.828317874111235,0.612036240513795,1
"1538",1,-0.614300872664899,0.0306122045349931,1
"1539",1,0.279507935978472,1.18864717318023,1
"1540",1,-0.75672132615,0.0527823549584835,1
"1541",1,-0.800238128751516,0.650038882810146,1
"1542",1,0.148220553062856,0.114988993607858,1
"1543",0,0.373251744545996,0.0885019121691585,0
"1544",1,-0.357176227960736,0.082804262562581,1
"1545",1,-0.498560183681548,0.043686320319113,1
"1546",1,0.224881034344435,0.195237331536048,1
"1547",0,0.259943378157914,0.85734695429655,1
"1548",1,-0.900261018425226,0.0521040150855398,1
"1549",1,0.301008859183639,0.0643849602071827,1
"1550",1,-0.825228938832879,0.0481042220218441,1
"1551",0,-0.475455964915454,0.302509638791629,1
"1552",0,-0.611397612839937,0.388589636981487,0
"1553",1,0.118702462408692,0.631285412066758,1
"1554",1,0.462812186218798,0.718723648536881,1
"1555",0,0.954070683103055,1.46055035088211,0
"1556",1,-0.862982658669353,0.0123064603003319,1
"1557",1,-0.20168209541589,0.301771707784116,1
"1558",1,0.768601009622216,2.25179870715365,0
"1559",0,0.480187337379903,0.146169260051101,0
"1560",0,-0.980472965631634,0.309538879479121,1
"1561",0,0.487024472095072,0.0478625050745904,0
"1562",1,0.0522527359426022,0.428008047025651,0
"1563",1,0.566316222306341,1.00029015744803,1
"1564",0,-0.631834377069026,0.522748006414622,0
"1565",0,0.556613469496369,2.42242893781513,0
"1566",1,-0.448042045347393,0.142682065146829,1
"1567",1,-0.908312692772597,1.35089817859908,1
"1568",1,-0.271420876029879,0.29793278698694,1
"1569",0,0.00102231837809086,2.18269318213914,1
"1570",1,-0.826239655259997,0.0123001760899892,1
"1571",1,-0.485494702588767,0.066528074013489,1
"1572",1,0.907936027739197,0.313809900914978,1
"1573",0,-0.320819100365043,0.274408782804457,1
"1574",0,-0.226038528606296,0.0241255627867363,1
"1575",1,0.993534565903246,0.0755008691868281,1
"1576",1,-0.738569631241262,0.0137118367773316,1
"1577",1,-0.749724547378719,0.0414185998806716,1
"1578",0,0.819915765430778,1.48727281363681,0
"1579",1,0.491431328933686,0.05548766295299,1
"1580",1,0.911804491188377,1.40989586487009,1
"1581",1,-0.652115109376609,0.0189050050845935,1
"1582",1,-0.882766239345074,0.00915894329889573,1
"1583",1,0.316439661197364,0.251041661065575,1
"1584",1,-0.968791066203266,0.0598260962411574,1
"1585",0,-0.0491633950732648,0.887080192286521,0
"1586",1,0.814400396775454,0.693404668755829,0
"1587",0,0.564271839801222,0.148010931678348,1
"1588",1,0.623562353663146,0.24052043911325,1
"1589",1,0.90042952215299,0.30025103510258,1
"1590",0,-0.867185332346708,0.0461136405691859,1
"1591",0,-0.581692459527403,0.957683606725186,0
"1592",0,0.52138705085963,2.22376418765634,0
"1593",0,-0.204147102311254,0.268523189880896,1
"1594",0,-0.36419587302953,1.88718730239348,1
"1595",1,0.65909623587504,1.63066442124546,0
"1596",1,0.352761592250317,0.235867260322446,1
"1597",1,0.0320088402368128,0.0359719801038056,1
"1598",0,0.116462565027177,0.242582905470521,1
"1599",0,-0.883689397480339,0.0899446252733469,0
"1600",1,-0.440468526445329,0.604781359272668,1
"1601",0,-0.489492776338011,1.10489227079957,1
"1602",1,0.478923953603953,0.0734051378127588,1
"1603",0,0.95220542838797,0.267728414968894,1
"1604",1,-0.443062228150666,0.0227889615272981,1
"1605",1,-0.65107845235616,0.152492504270406,1
"1606",1,-0.786174791865051,0.0317200992256403,0
"1607",0,-0.0584872304461896,0.947945947995451,1
"1608",1,0.147093055769801,0.0228725860081781,1
"1609",1,0.311430449597538,0.0323679323522559,1
"1610",1,-0.451923710759729,0.0814343298970485,1
"1611",1,-0.42889819201082,0.0485174202872429,1
"1612",1,-0.305678831413388,0.124404884005319,1
"1613",1,0.834381556138396,0.0161664957030211,1
"1614",0,-0.706800833810121,0.672315177117338,1
"1615",1,0.425679654348642,0.0557740373928521,1
"1616",1,-0.677828601561487,0.0651338205153823,1
"1617",1,-0.706067160237581,0.0707954038737687,1
"1618",1,-0.198123374953866,0.421707134503668,1
"1619",1,0.787446572445333,0.0853887496473996,1
"1620",1,0.85599703527987,0.296496588095523,1
"1621",0,-0.83785663312301,0.327751779966719,1
"1622",1,0.818889094516635,0.087782552243971,1
"1623",0,-0.181144983507693,0.134752192095653,1
"1624",1,0.377546106465161,0.120396044473618,1
"1625",0,0.625861320644617,1.77742528051754,1
"1626",1,-0.0113799497485161,0.141810483695316,1
"1627",0,-0.0560269663110375,0.269738265685737,0
"1628",0,-0.304187941364944,0.0286656810298942,1
"1629",0,0.0653379210270941,1.16616787519306,0
"1630",1,0.458453664090484,0.108248615417514,1
"1631",1,0.375367120373994,0.353548274222561,1
"1632",1,-0.337766139302403,0.0275816978442454,1
"1633",0,0.13995423167944,0.20864022554353,1
"1634",1,-0.59835768956691,0.0760166847359154,1
"1635",0,-0.938750760629773,0.0852776889352482,1
"1636",1,-0.757641550619155,0.106568185673829,1
"1637",0,-0.0417811232618988,0.0413967632632082,1
"1638",0,-0.045519660692662,0.0651007676768979,1
"1639",1,0.703112958464772,0.746779920893066,1
"1640",1,-0.364887503441423,0.102941671357923,1
"1641",0,0.834999041631818,1.16660428084433,0
"1642",0,-0.301287676207721,0.471286082067147,1
"1643",1,0.369321755599231,1.20769090961561,1
"1644",1,-0.708746191114187,0.0104493366046764,1
"1645",0,-0.943806675262749,0.0621193930611338,1
"1646",0,-0.465465772431344,0.149562630935328,1
"1647",1,0.129083259962499,0.87168888131109,1
"1648",1,-0.484600705560297,0.44626435386559,1
"1649",0,-0.795898291748017,0.381308021650565,1
"1650",0,0.102875096723437,0.288194664567709,0
"1651",0,-0.898145833984017,0.148990044040867,1
"1652",0,0.202773619443178,0.0467284864856224,1
"1653",0,0.0834063142538071,0.517737837322056,0
"1654",1,-0.928363787941635,0.178075589139478,1
"1655",0,0.972751206252724,0.118467984307917,1
"1656",1,-0.604092393536121,0.0533919365322927,1
"1657",0,-0.399275932926685,0.0149625642298734,1
"1658",0,0.791297036688775,1.72463744925335,0
"1659",0,-0.689342870842665,0.0985130777138454,1
"1660",1,-0.8066949066706,0.036277326878168,1
"1661",1,-0.655871152412146,0.0113853918098505,1
"1662",1,0.654493976384401,0.464294825226391,1
"1663",0,0.162713148631155,1.57002452165188,1
"1664",1,-0.292325356975198,0.863517194525262,1
"1665",0,-0.747038860339671,0.282355259476042,1
"1666",1,-0.727720536291599,0.257100205442224,1
"1667",0,-0.913678428158164,0.0180942402522367,1
"1668",0,0.960606168024242,0.35929904052358,1
"1669",0,0.554771193303168,0.177232556931953,1
"1670",0,0.966027935501188,1.32604304533452,0
"1671",1,-0.942542556207627,0.53318029390648,0
"1672",0,0.0575555907562375,0.193610055441352,1
"1673",1,0.70927126891911,2.44911117739975,0
"1674",1,-0.733665720093995,0.256171718983858,1
"1675",0,-0.685194628313184,0.0261938944249503,1
"1676",0,0.223087726626545,0.352437071382396,1
"1677",1,-0.732095313258469,0.0133163933908261,1
"1678",0,-0.333198238629848,0.654094702657312,0
"1679",0,-0.409632130526006,0.17899712747865,1
"1680",1,0.409384477883577,0.127205597702414,0
"1681",1,0.525736860465258,0.67884544629487,1
"1682",1,-0.95783799700439,0.0177707871089949,1
"1683",0,0.783429732080549,0.974448953103274,0
"1684",0,-0.861426612827927,0.0381915961125146,1
"1685",0,0.968768731690943,0.244054368324578,0
"1686",1,-0.279379456304014,0.0308923994969364,1
"1687",0,-0.480335444677621,0.0391385551268471,1
"1688",0,-0.412277338095009,0.467282682005316,0
"1689",0,0.649818469304591,0.539288673084229,0
"1690",1,0.523088537622243,0.761189801410935,1
"1691",0,-0.812364883720875,0.0461491466502655,1
"1692",1,-0.171772012487054,0.2469259633263,1
"1693",0,0.823538533877581,2.2535263444297,0
"1694",0,-0.579804872628301,0.0329267130397714,1
"1695",0,0.78849490871653,0.175165743008256,0
"1696",0,-0.574989187996835,0.26158274242689,1
"1697",1,0.194261290598661,0.0688069342959557,1
"1698",1,-0.746745413169265,0.288620231064055,1
"1699",0,0.809717563446611,2.75119327884167,0
"1700",0,0.339437323156744,1.95392283881083,0
"1701",0,-0.0348934135399759,0.0353518235893988,1
"1702",1,0.507342861499637,0.0957409147023084,1
"1703",1,-0.883198832627386,0.024332553075982,1
"1704",0,-0.781334883067757,0.0428646590585254,1
"1705",0,0.669052019249648,0.800512437683187,1
"1706",0,0.662877960130572,0.852686087694019,0
"1707",1,0.991950443945825,1.4659939161241,1
"1708",1,0.185846616048366,0.0342354920068193,1
"1709",1,0.63338174438104,0.251376580381356,1
"1710",0,0.984059372451156,2.66821257714182,0
"1711",0,-0.358970864210278,2.23165784347802,0
"1712",0,-0.576371519826353,0.0555033020607268,1
"1713",1,0.280560138635337,0.0849647509824331,1
"1714",0,0.584073818754405,0.346740047633648,0
"1715",0,0.967276142910123,1.40696112876758,0
"1716",0,-0.337399513926357,0.111413207921257,1
"1717",1,0.964347677771002,0.036415179012915,1
"1718",1,-0.351421917788684,0.18844497001996,1
"1719",0,-0.58669219026342,0.199791920268212,1
"1720",0,-0.258628393989056,0.0132983387030123,1
"1721",0,0.137674444355071,0.322595446402714,1
"1722",0,-0.616407378576696,0.616952832305992,1
"1723",0,-0.579322437290102,0.384838583692908,0
"1724",1,0.466944760177284,0.163997827656567,0
"1725",1,-0.34982039174065,0.0376855213438991,1
"1726",0,-0.452417344320565,0.411695439992087,1
"1727",1,0.692446208093315,1.10878706370188,1
"1728",1,-0.78470528498292,0.0580987846639876,1
"1729",0,0.801735918037593,0.228321237363274,1
"1730",0,0.298930943012238,0.296544555015862,0
"1731",0,0.111779815983027,2.58860212843865,0
"1732",0,0.996855585835874,1.97748976424336,0
"1733",0,-0.834462433122098,0.344688848013928,1
"1734",0,0.973816745448858,0.826232940051705,0
"1735",0,0.531867933925241,0.123435449507087,0
"1736",1,0.612979166209698,0.719749781671335,1
"1737",0,-0.540205169934779,0.0133544399720209,1
"1738",0,-0.984716357197613,0.0547260174547809,1
"1739",1,-0.624901774805039,0.0551779952554842,1
"1740",1,0.782684509176761,0.568098918441683,0
"1741",1,0.596934516448528,1.1755014186725,0
"1742",0,-0.0895203812979162,0.0356367688770932,1
"1743",0,-0.222150447778404,0.127152029982189,1
"1744",0,-0.195928619243205,0.146549268595378,1
"1745",1,-0.0436090813018382,0.604786944408793,1
"1746",1,0.0911817350424826,0.0177308583917658,1
"1747",1,0.229582755826414,0.0553685900212191,1
"1748",1,0.11082145338878,0.504630413978155,1
"1749",0,-0.339321083854884,0.469450802564049,1
"1750",0,0.983824850060046,1.25765692526455,1
"1751",0,-0.626953497063369,0.0430971250083217,1
"1752",0,-0.461478461977094,2.17186058743545,1
"1753",0,0.450023997109383,1.65964998770505,0
"1754",1,0.0927089755423367,0.147060337886876,1
"1755",0,-0.158392902463675,0.649887306494948,1
"1756",1,0.757900467142463,0.0482326319483357,1
"1757",1,-0.332819500006735,1.30777350386289,1
"1758",0,0.0123224044218659,0.0241249418141766,1
"1759",0,0.888102367520332,0.626659832336009,0
"1760",0,-0.0567689086310565,0.119887866824865,0
"1761",1,0.165423579514027,0.90034358035773,0
"1762",0,0.926391649059951,0.931305455975234,0
"1763",0,-0.344173318706453,0.283642123166593,1
"1764",1,0.922277008648962,0.492364663714082,1
"1765",1,0.30872517824173,0.127047254467191,1
"1766",1,0.751825258601457,0.169897401635154,1
"1767",0,-0.0419643549248576,0.131241466777066,1
"1768",1,-0.49316208390519,0.307080214442619,1
"1769",1,-0.645708862692118,0.0936795663713434,1
"1770",0,-0.80880004633218,0.0635849579237402,0
"1771",0,0.789427191019058,0.244379806513725,1
"1772",1,-0.0804780800826848,0.0283869868461935,1
"1773",0,-0.867331880144775,0.148397577873669,1
"1774",1,-0.689438934903592,0.0199237014001153,1
"1775",0,0.644396154209971,0.541340908780694,0
"1776",0,0.948781290091574,0.0368146897471235,1
"1777",1,0.532260832842439,0.0804555873171873,1
"1778",0,0.978644753340632,2.14645875692368,0
"1779",0,0.975705024786294,0.659241505619138,0
"1780",1,-0.426197832915932,0.130417310356614,1
"1781",1,-0.15119642810896,0.194750193067577,1
"1782",0,0.0715790959075093,0.00124768401685433,1
"1783",1,0.600533335935324,0.0333004921804026,1
"1784",1,-0.342079002410173,0.104367317106856,1
"1785",1,-0.781779149547219,0.0517022913342735,1
"1786",0,-0.835479295346886,0.174228241789441,1
"1787",0,-0.776172473561019,0.132006518667312,1
"1788",0,-0.989321685861796,0.0321245234076708,1
"1789",0,0.496427243575454,0.143472408514678,1
"1790",1,0.380547936540097,0.293463503638722,1
"1791",1,0.0914875040762126,0.0352580959233205,1
"1792",0,-0.00738551421090961,0.417398486277053,1
"1793",1,-0.706146895419806,0.0505320543017683,1
"1794",0,-0.033648650161922,0.6551620192476,1
"1795",1,-0.16068520070985,0.0551507137430911,1
"1796",0,0.407828910276294,0.025169294832881,1
"1797",0,0.0646285493858159,0.0489933364976052,1
"1798",0,0.436650806572288,0.1637824770016,1
"1799",0,0.31946689914912,0.348056896030903,0
"1800",1,0.766885895747691,0.177028302450745,1
"1801",0,-0.278082082979381,0.407954426396351,1
"1802",1,0.401954829227179,0.734143820498139,0
"1803",1,-0.0482291379012167,0.548301968444139,0
"1804",0,0.478272812906653,0.807853762539475,1
"1805",1,-0.411608686670661,0.0200573097207508,1
"1806",0,-0.968624633271247,0.192712846179997,1
"1807",1,0.805053353309631,0.00830097932917494,1
"1808",0,0.737837692722678,0.452670658938587,0
"1809",0,0.828507611062378,0.53867660863325,0
"1810",0,-0.550243052653968,1.0999449944407,1
"1811",0,-0.729335451498628,0.449222880229354,0
"1812",1,-0.331776234786958,0.0293576294378661,1
"1813",0,0.174211691599339,0.685324457143035,1
"1814",0,-0.98723447881639,0.350738721874409,1
"1815",1,-0.589462356176227,0.457616156950221,1
"1816",1,0.597689094953239,0.501980624273195,1
"1817",1,0.993937191553414,0.28482862216993,1
"1818",0,0.726006668992341,0.666676727559303,1
"1819",1,-0.480301881209016,0.0518615979045615,1
"1820",0,-0.720131213311106,0.959646272735669,1
"1821",1,0.380036340095103,0.798567943881454,1
"1822",1,0.353366560302675,0.147602280333904,1
"1823",1,0.24894345831126,0.284066503025302,1
"1824",0,0.6493956358172,2.6140908411704,0
"1825",1,0.284496224950999,1.59298054986645,1
"1826",1,0.486783077474684,1.78556927517056,0
"1827",1,0.717579844407737,0.468814174778771,1
"1828",1,0.0169128384441137,0.183041831921684,1
"1829",0,-0.88141722464934,0.790072234612132,1
"1830",0,-0.0618018745444715,0.896853069216013,0
"1831",1,0.252779172267765,0.393245163255131,1
"1832",0,-0.00892006186768413,0.218797456623982,1
"1833",0,0.804374334402382,0.328655253630131,0
"1834",1,0.376148124225438,2.25744379721582,0
"1835",1,0.829742273315787,0.0718547484530129,1
"1836",1,-0.678871494252235,0.110257331995724,1
"1837",0,0.656815172173083,0.822231461852789,0
"1838",0,-0.901326234918088,0.0819916859269142,0
"1839",1,-0.355907072778791,0.331478410674674,1
"1840",1,0.757104443386197,1.41338142868974,1
"1841",0,-0.978384623769671,0.0145052579301408,1
"1842",1,0.396402989048511,0.76413354858951,1
"1843",0,-0.875805171672255,0.111386423788975,1
"1844",1,0.799545721616596,0.0889060227200389,0
"1845",1,0.802854225039482,2.14813930625096,0
"1846",0,0.722553121391684,0.908037415053695,0
"1847",1,0.236069045029581,0.0177148048471377,1
"1848",1,0.813135122414678,0.380450139922476,1
"1849",0,0.385703603271395,1.17339658103883,0
"1850",1,0.68428348377347,2.42708887998015,0
"1851",1,0.111255631316453,0.820894203778356,1
"1852",0,0.288501723669469,0.193792929441233,1
"1853",0,0.171907183714211,0.222856839187443,0
"1854",1,-0.584482036530972,0.522120467130425,1
"1855",1,-0.102215618360788,0.588275642383938,1
"1856",1,0.192645751871169,0.0603849201606632,1
"1857",1,0.843052133917809,0.0736750886260138,1
"1858",1,-0.504395534284413,2.10151627533784,1
"1859",0,0.66750934580341,0.457790869535547,1
"1860",1,-0.0878267856314778,0.0204240938164449,1
"1861",1,0.0655274731107056,1.48053914047778,0
"1862",0,-0.50955114653334,1.3072239823387,1
"1863",1,-0.733302784152329,0.428946323825233,1
"1864",1,0.987904731184244,1.36504568317905,0
"1865",1,-0.728407450485975,0.0665075816115826,1
"1866",1,-0.963973948266357,0.163061296040986,1
"1867",0,0.781715045683086,1.46108423443511,0
"1868",0,0.532554147299379,1.22597213806584,0
"1869",1,-0.489723561797291,0.317055537988991,1
"1870",1,-0.820134717505425,0.521756767275806,1
"1871",1,-0.803456638008356,0.0661802103620158,1
"1872",0,0.947374281939119,0.0140003113076091,0
"1873",0,-0.154597985558212,0.046606058254838,0
"1874",0,-0.661699607037008,1.62528443550691,0
"1875",0,0.925797259900719,0.183833779264585,1
"1876",0,-0.259449264965951,1.27668748095134,1
"1877",0,-0.718186080921441,0.152150945473589,1
"1878",0,-0.606674992013723,0.608220921189774,1
"1879",0,0.225496745668352,0.0681241399608552,0
"1880",0,0.0538683095946908,1.18225404592231,0
"1881",0,0.0224898839369416,0.223392436402877,1
"1882",1,-0.836267166305333,0.0724547292105854,0
"1883",0,0.157187880948186,0.984991470518215,1
"1884",0,-0.281513792462647,1.30960656960087,1
"1885",0,0.00492901680991054,0.410943811573088,0
"1886",1,-0.243480616249144,0.0103161667372399,1
"1887",0,-0.454812627285719,1.15490712091841,1
"1888",1,-0.912549308966845,0.689863236785119,1
"1889",0,0.555034723132849,0.814392226499769,1
"1890",1,-0.565569417085499,0.0114724732839104,1
"1891",0,0.0155303785577416,1.50045364899561,0
"1892",1,0.25132832210511,0.542418228872262,1
"1893",1,0.0870647728443146,0.130348932929337,0
"1894",1,0.0522084790281951,0.31484576589649,1
"1895",1,-0.794471526984125,0.571271073692697,1
"1896",1,0.877550727687776,0.339733018720318,1
"1897",0,-0.987566706258804,0.130743664985437,1
"1898",0,-0.389376992825419,1.43641209527817,1
"1899",0,-0.385005261283368,1.27033823574639,1
"1900",1,-0.943756489083171,0.1411241796799,0
"1901",0,0.047972668427974,0.851545709744096,0
"1902",0,-0.916956890840083,0.965937806608116,1
"1903",1,-0.0398119427263737,0.0110012727768936,1
"1904",0,-0.507668672595173,1.2659767200239,0
"1905",1,0.796406179666519,0.189319423984675,1
"1906",0,0.193690093699843,0.655529036679195,1
"1907",0,-0.5875268667005,0.276779186303155,1
"1908",0,-0.312488808762282,1.25571937836067,1
"1909",1,-0.88845249498263,0.0889441580223358,1
"1910",1,0.845689745619893,0.526128533761948,0
"1911",0,0.396044235210866,0.542599977552084,1
"1912",0,0.916795827914029,2.51318494798616,0
"1913",0,0.191809400450438,0.629017315991223,0
"1914",1,0.83528500283137,0.647471170571083,1
"1915",0,-0.146308526862413,1.25592309646308,0
"1916",1,0.081008352804929,1.65497896606103,0
"1917",1,-0.710948828607798,0.288040970966006,1
"1918",1,-0.784144751727581,0.183833357322891,1
"1919",0,-0.191454667598009,0.813619806857798,1
"1920",1,-0.182015625294298,0.200547793810643,1
"1921",1,0.613027302548289,0.839963835798232,1
"1922",0,-0.908361851703376,0.106245225249818,1
"1923",1,0.651440424844623,0.27258764781973,1
"1924",0,-0.306339745875448,0.153316717790398,1
"1925",0,0.797326620202512,1.1784698096104,0
"1926",1,-0.31139905191958,0.0350376016460359,0
"1927",1,0.802196659147739,0.880483022074678,1
"1928",0,0.330541378352791,2.51556775309145,0
"1929",0,-0.486545578110963,0.236717335227877,0
"1930",0,0.841800777241588,0.192173086199909,0
"1931",1,-0.669692891649902,0.0255349319118165,1
"1932",1,-0.747545920778066,0.0901427075961341,1
"1933",0,-0.293418982066214,0.511231642588973,0
"1934",1,0.0595919163897634,0.926598513560855,1
"1935",0,-0.565034437924623,0.292285984468727,1
"1936",1,0.141971616074443,0.207399778135514,1
"1937",1,0.681902246549726,1.00047819817464,1
"1938",0,0.734604160301387,0.672220227077544,1
"1939",0,-0.90738725150004,0.941545352065245,1
"1940",1,-0.95587754715234,0.00274863870146695,1
"1941",1,0.559405928011984,0.198682310757765,1
"1942",1,0.841680282261223,0.13028983293866,1
"1943",0,0.0761753609403968,2.56791859520599,0
"1944",0,0.79140810854733,1.12455533087228,1
"1945",1,0.769571052398533,0.341356782708317,0
"1946",0,0.460333390627056,0.239403906073387,1
"1947",1,0.555497028399259,0.092005451384628,1
"1948",1,-0.235968730878085,0.134505964743827,1
"1949",1,-0.846157792955637,0.667500846312508,1
"1950",0,0.280946533195674,0.0113794480757273,1
"1951",1,0.47562855668366,1.17904190188274,0
"1952",1,0.829797936137766,0.227149127144366,0
"1953",0,0.593951961025596,0.724277047938472,1
"1954",0,-0.13539667474106,1.00551284141839,0
"1955",1,0.597939818631858,1.42320759566501,0
"1956",1,-0.178856580052525,0.00579020318465809,1
"1957",1,-0.27431555185467,0.098745637690466,1
"1958",1,-0.437727824784815,0.152374351522503,1
"1959",1,0.361066305544227,0.18535610039229,1
"1960",0,-0.479965169448406,0.575518963858485,0
"1961",0,-0.00537767913192511,0.796405383385718,0
"1962",0,-0.45255307527259,0.491333588396357,1
"1963",0,-0.441780990920961,1.97323134569164,1
"1964",1,-0.69528838340193,0.0961812257815129,1
"1965",1,-0.346663089469075,0.407917626004919,1
"1966",1,-0.16802111081779,0.0863333527395822,1
"1967",0,0.949915179051459,0.804614380054829,1
"1968",1,0.907792496494949,1.11543781093597,1
"1969",0,-0.399761928711087,0.174123112205416,0
"1970",0,-0.550136636476964,0.681332969031315,1
"1971",1,-0.340201545972377,0.30305844272628,1
"1972",0,-0.203470041509718,0.640212802916188,1
"1973",0,-0.433048321865499,0.100626851636067,1
"1974",1,-0.129011811688542,0.0203554774882652,1
"1975",0,0.145722897257656,1.9351284248614,1
"1976",1,-0.0542380576953292,0.0811947830848566,1
"1977",0,-0.849988198373467,0.529223332770417,1
"1978",0,0.196826686151326,0.998722412757871,1
"1979",1,-0.0221185712143779,0.236761081404984,0
"1980",0,-0.205031853169203,0.999041994306119,1
"1981",1,-0.811715837102383,0.515248517582802,1
"1982",1,-0.987992069683969,0.161928960306488,1
"1983",0,-0.00860441848635674,0.241142567604936,1
"1984",1,0.757592458743602,1.74047922017053,0
"1985",1,-0.0713501088321209,0.807359137933584,1
"1986",1,0.0743294670246542,0.151570051846017,1
"1987",0,-0.265692372340709,0.597322642523795,0
"1988",1,0.321636650245637,1.18185954405822,1
"1989",0,-0.974804498255253,0.069794739649837,1
"1990",0,-0.690630601253361,0.0911529706430376,1
"1991",1,-0.876054996158928,0.115061973062154,1
"1992",0,-0.071476292796433,2.5281860162504,0
"1993",1,-0.247532153502107,0.303623048188336,1
"1994",0,0.258814648725092,0.22184462307866,1
"1995",0,-0.510227592196316,0.260466916579753,0
"1996",1,0.507564026862383,0.0685166182366827,1
"1997",1,0.212039886042476,0.246265853639942,1
"1998",0,0.758083990775049,0.405772789134141,1
"1999",0,0.115614080335945,0.100462906993926,0
"2000",1,-0.0478729996830225,0.472519060033977,1
